ccode,year
2,1816
2,1817
2,1818
2,1819
2,1820
2,1821
2,1822
2,1823
2,1824
2,1825
2,1826
2,1827
2,1828
2,1829
2,1830
2,1831
2,1832
2,1833
2,1834
2,1835
2,1836
2,1837
2,1838
2,1839
2,1840
2,1841
2,1842
2,1843
2,1844
2,1845
2,1846
2,1847
2,1848
2,1849
2,1850
2,1851
2,1852
2,1853
2,1854
2,1855
2,1856
2,1857
2,1858
2,1859
2,1860
2,1861
2,1862
2,1863
2,1864
2,1865
2,1866
2,1867
2,1868
2,1869
2,1870
2,1871
2,1872
2,1873
2,1874
2,1875
2,1876
2,1877
2,1878
2,1879
2,1880
2,1881
2,1882
2,1883
2,1884
2,1885
2,1886
2,1887
2,1888
2,1889
2,1890
2,1891
2,1892
2,1893
2,1894
2,1895
2,1896
2,1897
2,1898
2,1899
2,1900
2,1901
2,1902
2,1903
2,1904
2,1905
2,1906
2,1907
2,1908
2,1909
2,1910
2,1911
2,1912
2,1913
2,1914
2,1915
2,1916
2,1917
2,1918
2,1919
2,1920
2,1921
2,1922
2,1923
2,1924
2,1925
2,1926
2,1927
2,1928
2,1929
2,1930
2,1931
2,1932
2,1933
2,1934
2,1935
2,1936
2,1937
2,1938
2,1939
2,1940
2,1941
2,1942
2,1943
2,1944
2,1945
2,1946
2,1947
2,1948
2,1949
2,1950
2,1951
2,1952
2,1953
2,1954
2,1955
2,1956
2,1957
2,1958
2,1959
2,1960
2,1961
2,1962
2,1963
2,1964
2,1965
2,1966
2,1967
2,1968
2,1969
2,1970
2,1971
2,1972
2,1973
2,1974
2,1975
2,1976
2,1977
2,1978
2,1979
2,1980
2,1981
2,1982
2,1983
2,1984
2,1985
2,1986
2,1987
2,1988
2,1989
2,1990
2,1991
2,1992
2,1993
2,1994
2,1995
2,1996
2,1997
2,1998
2,1999
2,2000
2,2001
2,2002
2,2003
2,2004
2,2005
2,2006
2,2007
2,2008
2,2009
2,2010
2,2011
2,2012
2,2013
2,2014
2,2015
2,2016
2,2017
2,2018
2,2019
2,2020
2,2021
2,2022
2,2023
2,2024
20,1920
20,1921
20,1922
20,1923
20,1924
20,1925
20,1926
20,1927
20,1928
20,1929
20,1930
20,1931
20,1932
20,1933
20,1934
20,1935
20,1936
20,1937
20,1938
20,1939
20,1940
20,1941
20,1942
20,1943
20,1944
20,1945
20,1946
20,1947
20,1948
20,1949
20,1950
20,1951
20,1952
20,1953
20,1954
20,1955
20,1956
20,1957
20,1958
20,1959
20,1960
20,1961
20,1962
20,1963
20,1964
20,1965
20,1966
20,1967
20,1968
20,1969
20,1970
20,1971
20,1972
20,1973
20,1974
20,1975
20,1976
20,1977
20,1978
20,1979
20,1980
20,1981
20,1982
20,1983
20,1984
20,1985
20,1986
20,1987
20,1988
20,1989
20,1990
20,1991
20,1992
20,1993
20,1994
20,1995
20,1996
20,1997
20,1998
20,1999
20,2000
20,2001
20,2002
20,2003
20,2004
20,2005
20,2006
20,2007
20,2008
20,2009
20,2010
20,2011
20,2012
20,2013
20,2014
20,2015
20,2016
20,2017
20,2018
20,2019
20,2020
20,2021
20,2022
20,2023
20,2024
31,1973
31,1974
31,1975
31,1976
31,1977
31,1978
31,1979
31,1980
31,1981
31,1982
31,1983
31,1984
31,1985
31,1986
31,1987
31,1988
31,1989
31,1990
31,1991
31,1992
31,1993
31,1994
31,1995
31,1996
31,1997
31,1998
31,1999
31,2000
31,2001
31,2002
31,2003
31,2004
31,2005
31,2006
31,2007
31,2008
31,2009
31,2010
31,2011
31,2012
31,2013
31,2014
31,2015
31,2016
31,2017
31,2018
31,2019
31,2020
31,2021
31,2022
31,2023
31,2024
40,1902
40,1903
40,1904
40,1905
40,1906
40,1909
40,1910
40,1911
40,1912
40,1913
40,1914
40,1915
40,1916
40,1917
40,1918
40,1919
40,1920
40,1921
40,1922
40,1923
40,1924
40,1925
40,1926
40,1927
40,1928
40,1929
40,1930
40,1931
40,1932
40,1933
40,1934
40,1935
40,1936
40,1937
40,1938
40,1939
40,1940
40,1941
40,1942
40,1943
40,1944
40,1945
40,1946
40,1947
40,1948
40,1949
40,1950
40,1951
40,1952
40,1953
40,1954
40,1955
40,1956
40,1957
40,1958
40,1959
40,1960
40,1961
40,1962
40,1963
40,1964
40,1965
40,1966
40,1967
40,1968
40,1969
40,1970
40,1971
40,1972
40,1973
40,1974
40,1975
40,1976
40,1977
40,1978
40,1979
40,1980
40,1981
40,1982
40,1983
40,1984
40,1985
40,1986
40,1987
40,1988
40,1989
40,1990
40,1991
40,1992
40,1993
40,1994
40,1995
40,1996
40,1997
40,1998
40,1999
40,2000
40,2001
40,2002
40,2003
40,2004
40,2005
40,2006
40,2007
40,2008
40,2009
40,2010
40,2011
40,2012
40,2013
40,2014
40,2015
40,2016
40,2017
40,2018
40,2019
40,2020
40,2021
40,2022
40,2023
40,2024
41,1859
41,1860
41,1861
41,1862
41,1863
41,1864
41,1865
41,1866
41,1867
41,1868
41,1869
41,1870
41,1871
41,1872
41,1873
41,1874
41,1875
41,1876
41,1877
41,1878
41,1879
41,1880
41,1881
41,1882
41,1883
41,1884
41,1885
41,1886
41,1887
41,1888
41,1889
41,1890
41,1891
41,1892
41,1893
41,1894
41,1895
41,1896
41,1897
41,1898
41,1899
41,1900
41,1901
41,1902
41,1903
41,1904
41,1905
41,1906
41,1907
41,1908
41,1909
41,1910
41,1911
41,1912
41,1913
41,1914
41,1915
41,1934
41,1935
41,1936
41,1937
41,1938
41,1939
41,1940
41,1941
41,1942
41,1943
41,1944
41,1945
41,1946
41,1947
41,1948
41,1949
41,1950
41,1951
41,1952
41,1953
41,1954
41,1955
41,1956
41,1957
41,1958
41,1959
41,1960
41,1961
41,1962
41,1963
41,1964
41,1965
41,1966
41,1967
41,1968
41,1969
41,1970
41,1971
41,1972
41,1973
41,1974
41,1975
41,1976
41,1977
41,1978
41,1979
41,1980
41,1981
41,1982
41,1983
41,1984
41,1985
41,1986
41,1987
41,1988
41,1989
41,1990
41,1991
41,1992
41,1993
41,1994
41,1995
41,1996
41,1997
41,1998
41,1999
41,2000
41,2001
41,2002
41,2003
41,2004
41,2005
41,2006
41,2007
41,2008
41,2009
41,2010
41,2011
41,2012
41,2013
41,2014
41,2015
41,2016
41,2017
41,2018
41,2019
41,2020
41,2021
41,2022
41,2023
41,2024
42,1894
42,1895
42,1896
42,1897
42,1898
42,1899
42,1900
42,1901
42,1902
42,1903
42,1904
42,1905
42,1906
42,1907
42,1908
42,1909
42,1910
42,1911
42,1912
42,1913
42,1914
42,1915
42,1916
42,1924
42,1925
42,1926
42,1927
42,1928
42,1929
42,1930
42,1931
42,1932
42,1933
42,1934
42,1935
42,1936
42,1937
42,1938
42,1939
42,1940
42,1941
42,1942
42,1943
42,1944
42,1945
42,1946
42,1947
42,1948
42,1949
42,1950
42,1951
42,1952
42,1953
42,1954
42,1955
42,1956
42,1957
42,1958
42,1959
42,1960
42,1961
42,1962
42,1963
42,1964
42,1965
42,1966
42,1967
42,1968
42,1969
42,1970
42,1971
42,1972
42,1973
42,1974
42,1975
42,1976
42,1977
42,1978
42,1979
42,1980
42,1981
42,1982
42,1983
42,1984
42,1985
42,1986
42,1987
42,1988
42,1989
42,1990
42,1991
42,1992
42,1993
42,1994
42,1995
42,1996
42,1997
42,1998
42,1999
42,2000
42,2001
42,2002
42,2003
42,2004
42,2005
42,2006
42,2007
42,2008
42,2009
42,2010
42,2011
42,2012
42,2013
42,2014
42,2015
42,2016
42,2017
42,2018
42,2019
42,2020
42,2021
42,2022
42,2023
42,2024
51,1962
51,1963
51,1964
51,1965
51,1966
51,1967
51,1968
51,1969
51,1970
51,1971
51,1972
51,1973
51,1974
51,1975
51,1976
51,1977
51,1978
51,1979
51,1980
51,1981
51,1982
51,1983
51,1984
51,1985
51,1986
51,1987
51,1988
51,1989
51,1990
51,1991
51,1992
51,1993
51,1994
51,1995
51,1996
51,1997
51,1998
51,1999
51,2000
51,2001
51,2002
51,2003
51,2004
51,2005
51,2006
51,2007
51,2008
51,2009
51,2010
51,2011
51,2012
51,2013
51,2014
51,2015
51,2016
51,2017
51,2018
51,2019
51,2020
51,2021
51,2022
51,2023
51,2024
52,1962
52,1963
52,1964
52,1965
52,1966
52,1967
52,1968
52,1969
52,1970
52,1971
52,1972
52,1973
52,1974
52,1975
52,1976
52,1977
52,1978
52,1979
52,1980
52,1981
52,1982
52,1983
52,1984
52,1985
52,1986
52,1987
52,1988
52,1989
52,1990
52,1991
52,1992
52,1993
52,1994
52,1995
52,1996
52,1997
52,1998
52,1999
52,2000
52,2001
52,2002
52,2003
52,2004
52,2005
52,2006
52,2007
52,2008
52,2009
52,2010
52,2011
52,2012
52,2013
52,2014
52,2015
52,2016
52,2017
52,2018
52,2019
52,2020
52,2021
52,2022
52,2023
52,2024
53,1966
53,1967
53,1968
53,1969
53,1970
53,1971
53,1972
53,1973
53,1974
53,1975
53,1976
53,1977
53,1978
53,1979
53,1980
53,1981
53,1982
53,1983
53,1984
53,1985
53,1986
53,1987
53,1988
53,1989
53,1990
53,1991
53,1992
53,1993
53,1994
53,1995
53,1996
53,1997
53,1998
53,1999
53,2000
53,2001
53,2002
53,2003
53,2004
53,2005
53,2006
53,2007
53,2008
53,2009
53,2010
53,2011
53,2012
53,2013
53,2014
53,2015
53,2016
53,2017
53,2018
53,2019
53,2020
53,2021
53,2022
53,2023
53,2024
54,1978
54,1979
54,1980
54,1981
54,1982
54,1983
54,1984
54,1985
54,1986
54,1987
54,1988
54,1989
54,1990
54,1991
54,1992
54,1993
54,1994
54,1995
54,1996
54,1997
54,1998
54,1999
54,2000
54,2001
54,2002
54,2003
54,2004
54,2005
54,2006
54,2007
54,2008
54,2009
54,2010
54,2011
54,2012
54,2013
54,2014
54,2015
54,2016
54,2017
54,2018
54,2019
54,2020
54,2021
54,2022
54,2023
54,2024
55,1974
55,1975
55,1976
55,1977
55,1978
55,1979
55,1980
55,1981
55,1982
55,1983
55,1984
55,1985
55,1986
55,1987
55,1988
55,1989
55,1990
55,1991
55,1992
55,1993
55,1994
55,1995
55,1996
55,1997
55,1998
55,1999
55,2000
55,2001
55,2002
55,2003
55,2004
55,2005
55,2006
55,2007
55,2008
55,2009
55,2010
55,2011
55,2012
55,2013
55,2014
55,2015
55,2016
55,2017
55,2018
55,2019
55,2020
55,2021
55,2022
55,2023
55,2024
56,1979
56,1980
56,1981
56,1982
56,1983
56,1984
56,1985
56,1986
56,1987
56,1988
56,1989
56,1990
56,1991
56,1992
56,1993
56,1994
56,1995
56,1996
56,1997
56,1998
56,1999
56,2000
56,2001
56,2002
56,2003
56,2004
56,2005
56,2006
56,2007
56,2008
56,2009
56,2010
56,2011
56,2012
56,2013
56,2014
56,2015
56,2016
56,2017
56,2018
56,2019
56,2020
56,2021
56,2022
56,2023
56,2024
57,1979
57,1980
57,1981
57,1982
57,1983
57,1984
57,1985
57,1986
57,1987
57,1988
57,1989
57,1990
57,1991
57,1992
57,1993
57,1994
57,1995
57,1996
57,1997
57,1998
57,1999
57,2000
57,2001
57,2002
57,2003
57,2004
57,2005
57,2006
57,2007
57,2008
57,2009
57,2010
57,2011
57,2012
57,2013
57,2014
57,2015
57,2016
57,2017
57,2018
57,2019
57,2020
57,2021
57,2022
57,2023
57,2024
58,1981
58,1982
58,1983
58,1984
58,1985
58,1986
58,1987
58,1988
58,1989
58,1990
58,1991
58,1992
58,1993
58,1994
58,1995
58,1996
58,1997
58,1998
58,1999
58,2000
58,2001
58,2002
58,2003
58,2004
58,2005
58,2006
58,2007
58,2008
58,2009
58,2010
58,2011
58,2012
58,2013
58,2014
58,2015
58,2016
58,2017
58,2018
58,2019
58,2020
58,2021
58,2022
58,2023
58,2024
60,1983
60,1984
60,1985
60,1986
60,1987
60,1988
60,1989
60,1990
60,1991
60,1992
60,1993
60,1994
60,1995
60,1996
60,1997
60,1998
60,1999
60,2000
60,2001
60,2002
60,2003
60,2004
60,2005
60,2006
60,2007
60,2008
60,2009
60,2010
60,2011
60,2012
60,2013
60,2014
60,2015
60,2016
60,2017
60,2018
60,2019
60,2020
60,2021
60,2022
60,2023
60,2024
70,1831
70,1832
70,1833
70,1834
70,1835
70,1836
70,1837
70,1838
70,1839
70,1840
70,1841
70,1842
70,1843
70,1844
70,1845
70,1846
70,1847
70,1848
70,1849
70,1850
70,1851
70,1852
70,1853
70,1854
70,1855
70,1856
70,1857
70,1858
70,1859
70,1860
70,1861
70,1862
70,1863
70,1864
70,1865
70,1866
70,1867
70,1868
70,1869
70,1870
70,1871
70,1872
70,1873
70,1874
70,1875
70,1876
70,1877
70,1878
70,1879
70,1880
70,1881
70,1882
70,1883
70,1884
70,1885
70,1886
70,1887
70,1888
70,1889
70,1890
70,1891
70,1892
70,1893
70,1894
70,1895
70,1896
70,1897
70,1898
70,1899
70,1900
70,1901
70,1902
70,1903
70,1904
70,1905
70,1906
70,1907
70,1908
70,1909
70,1910
70,1911
70,1912
70,1913
70,1914
70,1915
70,1916
70,1917
70,1918
70,1919
70,1920
70,1921
70,1922
70,1923
70,1924
70,1925
70,1926
70,1927
70,1928
70,1929
70,1930
70,1931
70,1932
70,1933
70,1934
70,1935
70,1936
70,1937
70,1938
70,1939
70,1940
70,1941
70,1942
70,1943
70,1944
70,1945
70,1946
70,1947
70,1948
70,1949
70,1950
70,1951
70,1952
70,1953
70,1954
70,1955
70,1956
70,1957
70,1958
70,1959
70,1960
70,1961
70,1962
70,1963
70,1964
70,1965
70,1966
70,1967
70,1968
70,1969
70,1970
70,1971
70,1972
70,1973
70,1974
70,1975
70,1976
70,1977
70,1978
70,1979
70,1980
70,1981
70,1982
70,1983
70,1984
70,1985
70,1986
70,1987
70,1988
70,1989
70,1990
70,1991
70,1992
70,1993
70,1994
70,1995
70,1996
70,1997
70,1998
70,1999
70,2000
70,2001
70,2002
70,2003
70,2004
70,2005
70,2006
70,2007
70,2008
70,2009
70,2010
70,2011
70,2012
70,2013
70,2014
70,2015
70,2016
70,2017
70,2018
70,2019
70,2020
70,2021
70,2022
70,2023
70,2024
80,1981
80,1982
80,1983
80,1984
80,1985
80,1986
80,1987
80,1988
80,1989
80,1990
80,1991
80,1992
80,1993
80,1994
80,1995
80,1996
80,1997
80,1998
80,1999
80,2000
80,2001
80,2002
80,2003
80,2004
80,2005
80,2006
80,2007
80,2008
80,2009
80,2010
80,2011
80,2012
80,2013
80,2014
80,2015
80,2016
80,2017
80,2018
80,2019
80,2020
80,2021
80,2022
80,2023
80,2024
90,1868
90,1869
90,1870
90,1871
90,1872
90,1873
90,1874
90,1875
90,1876
90,1877
90,1878
90,1879
90,1880
90,1881
90,1882
90,1883
90,1884
90,1885
90,1886
90,1887
90,1888
90,1889
90,1890
90,1891
90,1892
90,1893
90,1894
90,1895
90,1896
90,1897
90,1898
90,1899
90,1900
90,1901
90,1902
90,1903
90,1904
90,1905
90,1906
90,1907
90,1908
90,1909
90,1910
90,1911
90,1912
90,1913
90,1914
90,1915
90,1916
90,1917
90,1918
90,1919
90,1920
90,1921
90,1922
90,1923
90,1924
90,1925
90,1926
90,1927
90,1928
90,1929
90,1930
90,1931
90,1932
90,1933
90,1934
90,1935
90,1936
90,1937
90,1938
90,1939
90,1940
90,1941
90,1942
90,1943
90,1944
90,1945
90,1946
90,1947
90,1948
90,1949
90,1950
90,1951
90,1952
90,1953
90,1954
90,1955
90,1956
90,1957
90,1958
90,1959
90,1960
90,1961
90,1962
90,1963
90,1964
90,1965
90,1966
90,1967
90,1968
90,1969
90,1970
90,1971
90,1972
90,1973
90,1974
90,1975
90,1976
90,1977
90,1978
90,1979
90,1980
90,1981
90,1982
90,1983
90,1984
90,1985
90,1986
90,1987
90,1988
90,1989
90,1990
90,1991
90,1992
90,1993
90,1994
90,1995
90,1996
90,1997
90,1998
90,1999
90,2000
90,2001
90,2002
90,2003
90,2004
90,2005
90,2006
90,2007
90,2008
90,2009
90,2010
90,2011
90,2012
90,2013
90,2014
90,2015
90,2016
90,2017
90,2018
90,2019
90,2020
90,2021
90,2022
90,2023
90,2024
91,1899
91,1900
91,1901
91,1902
91,1903
91,1904
91,1905
91,1906
91,1907
91,1908
91,1909
91,1910
91,1911
91,1912
91,1913
91,1914
91,1915
91,1916
91,1917
91,1918
91,1919
91,1920
91,1921
91,1922
91,1923
91,1924
91,1925
91,1926
91,1927
91,1928
91,1929
91,1930
91,1931
91,1932
91,1933
91,1934
91,1935
91,1936
91,1937
91,1938
91,1939
91,1940
91,1941
91,1942
91,1943
91,1944
91,1945
91,1946
91,1947
91,1948
91,1949
91,1950
91,1951
91,1952
91,1953
91,1954
91,1955
91,1956
91,1957
91,1958
91,1959
91,1960
91,1961
91,1962
91,1963
91,1964
91,1965
91,1966
91,1967
91,1968
91,1969
91,1970
91,1971
91,1972
91,1973
91,1974
91,1975
91,1976
91,1977
91,1978
91,1979
91,1980
91,1981
91,1982
91,1983
91,1984
91,1985
91,1986
91,1987
91,1988
91,1989
91,1990
91,1991
91,1992
91,1993
91,1994
91,1995
91,1996
91,1997
91,1998
91,1999
91,2000
91,2001
91,2002
91,2003
91,2004
91,2005
91,2006
91,2007
91,2008
91,2009
91,2010
91,2011
91,2012
91,2013
91,2014
91,2015
91,2016
91,2017
91,2018
91,2019
91,2020
91,2021
91,2022
91,2023
91,2024
92,1875
92,1876
92,1877
92,1878
92,1879
92,1880
92,1881
92,1882
92,1883
92,1884
92,1885
92,1886
92,1887
92,1888
92,1889
92,1890
92,1891
92,1892
92,1893
92,1894
92,1895
92,1896
92,1897
92,1898
92,1899
92,1900
92,1901
92,1902
92,1903
92,1904
92,1905
92,1906
92,1907
92,1908
92,1909
92,1910
92,1911
92,1912
92,1913
92,1914
92,1915
92,1916
92,1917
92,1918
92,1919
92,1920
92,1921
92,1922
92,1923
92,1924
92,1925
92,1926
92,1927
92,1928
92,1929
92,1930
92,1931
92,1932
92,1933
92,1934
92,1935
92,1936
92,1937
92,1938
92,1939
92,1940
92,1941
92,1942
92,1943
92,1944
92,1945
92,1946
92,1947
92,1948
92,1949
92,1950
92,1951
92,1952
92,1953
92,1954
92,1955
92,1956
92,1957
92,1958
92,1959
92,1960
92,1961
92,1962
92,1963
92,1964
92,1965
92,1966
92,1967
92,1968
92,1969
92,1970
92,1971
92,1972
92,1973
92,1974
92,1975
92,1976
92,1977
92,1978
92,1979
92,1980
92,1981
92,1982
92,1983
92,1984
92,1985
92,1986
92,1987
92,1988
92,1989
92,1990
92,1991
92,1992
92,1993
92,1994
92,1995
92,1996
92,1997
92,1998
92,1999
92,2000
92,2001
92,2002
92,2003
92,2004
92,2005
92,2006
92,2007
92,2008
92,2009
92,2010
92,2011
92,2012
92,2013
92,2014
92,2015
92,2016
92,2017
92,2018
92,2019
92,2020
92,2021
92,2022
92,2023
92,2024
93,1900
93,1901
93,1902
93,1903
93,1904
93,1905
93,1906
93,1907
93,1908
93,1909
93,1910
93,1911
93,1912
93,1913
93,1914
93,1915
93,1916
93,1917
93,1918
93,1919
93,1920
93,1921
93,1922
93,1923
93,1924
93,1925
93,1926
93,1927
93,1928
93,1929
93,1930
93,1931
93,1932
93,1933
93,1934
93,1935
93,1936
93,1937
93,1938
93,1939
93,1940
93,1941
93,1942
93,1943
93,1944
93,1945
93,1946
93,1947
93,1948
93,1949
93,1950
93,1951
93,1952
93,1953
93,1954
93,1955
93,1956
93,1957
93,1958
93,1959
93,1960
93,1961
93,1962
93,1963
93,1964
93,1965
93,1966
93,1967
93,1968
93,1969
93,1970
93,1971
93,1972
93,1973
93,1974
93,1975
93,1976
93,1977
93,1978
93,1979
93,1980
93,1981
93,1982
93,1983
93,1984
93,1985
93,1986
93,1987
93,1988
93,1989
93,1990
93,1991
93,1992
93,1993
93,1994
93,1995
93,1996
93,1997
93,1998
93,1999
93,2000
93,2001
93,2002
93,2003
93,2004
93,2005
93,2006
93,2007
93,2008
93,2009
93,2010
93,2011
93,2012
93,2013
93,2014
93,2015
93,2016
93,2017
93,2018
93,2019
93,2020
93,2021
93,2022
93,2023
93,2024
94,1920
94,1921
94,1922
94,1923
94,1924
94,1925
94,1926
94,1927
94,1928
94,1929
94,1930
94,1931
94,1932
94,1933
94,1934
94,1935
94,1936
94,1937
94,1938
94,1939
94,1940
94,1941
94,1942
94,1943
94,1944
94,1945
94,1946
94,1947
94,1948
94,1949
94,1950
94,1951
94,1952
94,1953
94,1954
94,1955
94,1956
94,1957
94,1958
94,1959
94,1960
94,1961
94,1962
94,1963
94,1964
94,1965
94,1966
94,1967
94,1968
94,1969
94,1970
94,1971
94,1972
94,1973
94,1974
94,1975
94,1976
94,1977
94,1978
94,1979
94,1980
94,1981
94,1982
94,1983
94,1984
94,1985
94,1986
94,1987
94,1988
94,1989
94,1990
94,1991
94,1992
94,1993
94,1994
94,1995
94,1996
94,1997
94,1998
94,1999
94,2000
94,2001
94,2002
94,2003
94,2004
94,2005
94,2006
94,2007
94,2008
94,2009
94,2010
94,2011
94,2012
94,2013
94,2014
94,2015
94,2016
94,2017
94,2018
94,2019
94,2020
94,2021
94,2022
94,2023
94,2024
95,1903
95,1904
95,1905
95,1906
95,1907
95,1908
95,1909
95,1910
95,1911
95,1912
95,1913
95,1914
95,1915
95,1916
95,1917
95,1918
95,1919
95,1920
95,1921
95,1922
95,1923
95,1924
95,1925
95,1926
95,1927
95,1928
95,1929
95,1930
95,1931
95,1932
95,1933
95,1934
95,1935
95,1936
95,1937
95,1938
95,1939
95,1940
95,1941
95,1942
95,1943
95,1944
95,1945
95,1946
95,1947
95,1948
95,1949
95,1950
95,1951
95,1952
95,1953
95,1954
95,1955
95,1956
95,1957
95,1958
95,1959
95,1960
95,1961
95,1962
95,1963
95,1964
95,1965
95,1966
95,1967
95,1968
95,1969
95,1970
95,1971
95,1972
95,1973
95,1974
95,1975
95,1976
95,1977
95,1978
95,1979
95,1980
95,1981
95,1982
95,1983
95,1984
95,1985
95,1986
95,1987
95,1988
95,1989
95,1990
95,1991
95,1992
95,1993
95,1994
95,1995
95,1996
95,1997
95,1998
95,1999
95,2000
95,2001
95,2002
95,2003
95,2004
95,2005
95,2006
95,2007
95,2008
95,2009
95,2010
95,2011
95,2012
95,2013
95,2014
95,2015
95,2016
95,2017
95,2018
95,2019
95,2020
95,2021
95,2022
95,2023
95,2024
100,1831
100,1832
100,1833
100,1834
100,1835
100,1836
100,1837
100,1838
100,1839
100,1840
100,1841
100,1842
100,1843
100,1844
100,1845
100,1846
100,1847
100,1848
100,1849
100,1850
100,1851
100,1852
100,1853
100,1854
100,1855
100,1856
100,1857
100,1858
100,1859
100,1860
100,1861
100,1862
100,1863
100,1864
100,1865
100,1866
100,1867
100,1868
100,1869
100,1870
100,1871
100,1872
100,1873
100,1874
100,1875
100,1876
100,1877
100,1878
100,1879
100,1880
100,1881
100,1882
100,1883
100,1884
100,1885
100,1886
100,1887
100,1888
100,1889
100,1890
100,1891
100,1892
100,1893
100,1894
100,1895
100,1896
100,1897
100,1898
100,1899
100,1900
100,1901
100,1902
100,1903
100,1904
100,1905
100,1906
100,1907
100,1908
100,1909
100,1910
100,1911
100,1912
100,1913
100,1914
100,1915
100,1916
100,1917
100,1918
100,1919
100,1920
100,1921
100,1922
100,1923
100,1924
100,1925
100,1926
100,1927
100,1928
100,1929
100,1930
100,1931
100,1932
100,1933
100,1934
100,1935
100,1936
100,1937
100,1938
100,1939
100,1940
100,1941
100,1942
100,1943
100,1944
100,1945
100,1946
100,1947
100,1948
100,1949
100,1950
100,1951
100,1952
100,1953
100,1954
100,1955
100,1956
100,1957
100,1958
100,1959
100,1960
100,1961
100,1962
100,1963
100,1964
100,1965
100,1966
100,1967
100,1968
100,1969
100,1970
100,1971
100,1972
100,1973
100,1974
100,1975
100,1976
100,1977
100,1978
100,1979
100,1980
100,1981
100,1982
100,1983
100,1984
100,1985
100,1986
100,1987
100,1988
100,1989
100,1990
100,1991
100,1992
100,1993
100,1994
100,1995
100,1996
100,1997
100,1998
100,1999
100,2000
100,2001
100,2002
100,2003
100,2004
100,2005
100,2006
100,2007
100,2008
100,2009
100,2010
100,2011
100,2012
100,2013
100,2014
100,2015
100,2016
100,2017
100,2018
100,2019
100,2020
100,2021
100,2022
100,2023
100,2024
101,1841
101,1842
101,1843
101,1844
101,1845
101,1846
101,1847
101,1848
101,1849
101,1850
101,1851
101,1852
101,1853
101,1854
101,1855
101,1856
101,1857
101,1858
101,1859
101,1860
101,1861
101,1862
101,1863
101,1864
101,1865
101,1866
101,1867
101,1868
101,1869
101,1870
101,1871
101,1872
101,1873
101,1874
101,1875
101,1876
101,1877
101,1878
101,1879
101,1880
101,1881
101,1882
101,1883
101,1884
101,1885
101,1886
101,1887
101,1888
101,1889
101,1890
101,1891
101,1892
101,1893
101,1894
101,1895
101,1896
101,1897
101,1898
101,1899
101,1900
101,1901
101,1902
101,1903
101,1904
101,1905
101,1906
101,1907
101,1908
101,1909
101,1910
101,1911
101,1912
101,1913
101,1914
101,1915
101,1916
101,1917
101,1918
101,1919
101,1920
101,1921
101,1922
101,1923
101,1924
101,1925
101,1926
101,1927
101,1928
101,1929
101,1930
101,1931
101,1932
101,1933
101,1934
101,1935
101,1936
101,1937
101,1938
101,1939
101,1940
101,1941
101,1942
101,1943
101,1944
101,1945
101,1946
101,1947
101,1948
101,1949
101,1950
101,1951
101,1952
101,1953
101,1954
101,1955
101,1956
101,1957
101,1958
101,1959
101,1960
101,1961
101,1962
101,1963
101,1964
101,1965
101,1966
101,1967
101,1968
101,1969
101,1970
101,1971
101,1972
101,1973
101,1974
101,1975
101,1976
101,1977
101,1978
101,1979
101,1980
101,1981
101,1982
101,1983
101,1984
101,1985
101,1986
101,1987
101,1988
101,1989
101,1990
101,1991
101,1992
101,1993
101,1994
101,1995
101,1996
101,1997
101,1998
101,1999
101,2000
101,2001
101,2002
101,2003
101,2004
101,2005
101,2006
101,2007
101,2008
101,2009
101,2010
101,2011
101,2012
101,2013
101,2014
101,2015
101,2016
101,2017
101,2018
101,2019
101,2020
101,2021
101,2022
101,2023
101,2024
110,1966
110,1967
110,1968
110,1969
110,1970
110,1971
110,1972
110,1973
110,1974
110,1975
110,1976
110,1977
110,1978
110,1979
110,1980
110,1981
110,1982
110,1983
110,1984
110,1985
110,1986
110,1987
110,1988
110,1989
110,1990
110,1991
110,1992
110,1993
110,1994
110,1995
110,1996
110,1997
110,1998
110,1999
110,2000
110,2001
110,2002
110,2003
110,2004
110,2005
110,2006
110,2007
110,2008
110,2009
110,2010
110,2011
110,2012
110,2013
110,2014
110,2015
110,2016
110,2017
110,2018
110,2019
110,2020
110,2021
110,2022
110,2023
110,2024
115,1975
115,1976
115,1977
115,1978
115,1979
115,1980
115,1981
115,1982
115,1983
115,1984
115,1985
115,1986
115,1987
115,1988
115,1989
115,1990
115,1991
115,1992
115,1993
115,1994
115,1995
115,1996
115,1997
115,1998
115,1999
115,2000
115,2001
115,2002
115,2003
115,2004
115,2005
115,2006
115,2007
115,2008
115,2009
115,2010
115,2011
115,2012
115,2013
115,2014
115,2015
115,2016
115,2017
115,2018
115,2019
115,2020
115,2021
115,2022
115,2023
115,2024
130,1854
130,1855
130,1856
130,1857
130,1858
130,1859
130,1860
130,1861
130,1862
130,1863
130,1864
130,1865
130,1866
130,1867
130,1868
130,1869
130,1870
130,1871
130,1872
130,1873
130,1874
130,1875
130,1876
130,1877
130,1878
130,1879
130,1880
130,1881
130,1882
130,1883
130,1884
130,1885
130,1886
130,1887
130,1888
130,1889
130,1890
130,1891
130,1892
130,1893
130,1894
130,1895
130,1896
130,1897
130,1898
130,1899
130,1900
130,1901
130,1902
130,1903
130,1904
130,1905
130,1906
130,1907
130,1908
130,1909
130,1910
130,1911
130,1912
130,1913
130,1914
130,1915
130,1916
130,1917
130,1918
130,1919
130,1920
130,1921
130,1922
130,1923
130,1924
130,1925
130,1926
130,1927
130,1928
130,1929
130,1930
130,1931
130,1932
130,1933
130,1934
130,1935
130,1936
130,1937
130,1938
130,1939
130,1940
130,1941
130,1942
130,1943
130,1944
130,1945
130,1946
130,1947
130,1948
130,1949
130,1950
130,1951
130,1952
130,1953
130,1954
130,1955
130,1956
130,1957
130,1958
130,1959
130,1960
130,1961
130,1962
130,1963
130,1964
130,1965
130,1966
130,1967
130,1968
130,1969
130,1970
130,1971
130,1972
130,1973
130,1974
130,1975
130,1976
130,1977
130,1978
130,1979
130,1980
130,1981
130,1982
130,1983
130,1984
130,1985
130,1986
130,1987
130,1988
130,1989
130,1990
130,1991
130,1992
130,1993
130,1994
130,1995
130,1996
130,1997
130,1998
130,1999
130,2000
130,2001
130,2002
130,2003
130,2004
130,2005
130,2006
130,2007
130,2008
130,2009
130,2010
130,2011
130,2012
130,2013
130,2014
130,2015
130,2016
130,2017
130,2018
130,2019
130,2020
130,2021
130,2022
130,2023
130,2024
135,1839
135,1840
135,1841
135,1842
135,1843
135,1844
135,1845
135,1846
135,1847
135,1848
135,1849
135,1850
135,1851
135,1852
135,1853
135,1854
135,1855
135,1856
135,1857
135,1858
135,1859
135,1860
135,1861
135,1862
135,1863
135,1864
135,1865
135,1866
135,1867
135,1868
135,1869
135,1870
135,1871
135,1872
135,1873
135,1874
135,1875
135,1876
135,1877
135,1878
135,1879
135,1880
135,1881
135,1882
135,1883
135,1884
135,1885
135,1886
135,1887
135,1888
135,1889
135,1890
135,1891
135,1892
135,1893
135,1894
135,1895
135,1896
135,1897
135,1898
135,1899
135,1900
135,1901
135,1902
135,1903
135,1904
135,1905
135,1906
135,1907
135,1908
135,1909
135,1910
135,1911
135,1912
135,1913
135,1914
135,1915
135,1916
135,1917
135,1918
135,1919
135,1920
135,1921
135,1922
135,1923
135,1924
135,1925
135,1926
135,1927
135,1928
135,1929
135,1930
135,1931
135,1932
135,1933
135,1934
135,1935
135,1936
135,1937
135,1938
135,1939
135,1940
135,1941
135,1942
135,1943
135,1944
135,1945
135,1946
135,1947
135,1948
135,1949
135,1950
135,1951
135,1952
135,1953
135,1954
135,1955
135,1956
135,1957
135,1958
135,1959
135,1960
135,1961
135,1962
135,1963
135,1964
135,1965
135,1966
135,1967
135,1968
135,1969
135,1970
135,1971
135,1972
135,1973
135,1974
135,1975
135,1976
135,1977
135,1978
135,1979
135,1980
135,1981
135,1982
135,1983
135,1984
135,1985
135,1986
135,1987
135,1988
135,1989
135,1990
135,1991
135,1992
135,1993
135,1994
135,1995
135,1996
135,1997
135,1998
135,1999
135,2000
135,2001
135,2002
135,2003
135,2004
135,2005
135,2006
135,2007
135,2008
135,2009
135,2010
135,2011
135,2012
135,2013
135,2014
135,2015
135,2016
135,2017
135,2018
135,2019
135,2020
135,2021
135,2022
135,2023
135,2024
140,1822
140,1823
140,1824
140,1825
140,1826
140,1827
140,1828
140,1829
140,1830
140,1831
140,1832
140,1833
140,1834
140,1835
140,1836
140,1837
140,1838
140,1839
140,1840
140,1841
140,1842
140,1843
140,1844
140,1845
140,1846
140,1847
140,1848
140,1849
140,1850
140,1851
140,1852
140,1853
140,1854
140,1855
140,1856
140,1857
140,1858
140,1859
140,1860
140,1861
140,1862
140,1863
140,1864
140,1865
140,1866
140,1867
140,1868
140,1869
140,1870
140,1871
140,1872
140,1873
140,1874
140,1875
140,1876
140,1877
140,1878
140,1879
140,1880
140,1881
140,1882
140,1883
140,1884
140,1885
140,1886
140,1887
140,1888
140,1889
140,1890
140,1891
140,1892
140,1893
140,1894
140,1895
140,1896
140,1897
140,1898
140,1899
140,1900
140,1901
140,1902
140,1903
140,1904
140,1905
140,1906
140,1907
140,1908
140,1909
140,1910
140,1911
140,1912
140,1913
140,1914
140,1915
140,1916
140,1917
140,1918
140,1919
140,1920
140,1921
140,1922
140,1923
140,1924
140,1925
140,1926
140,1927
140,1928
140,1929
140,1930
140,1931
140,1932
140,1933
140,1934
140,1935
140,1936
140,1937
140,1938
140,1939
140,1940
140,1941
140,1942
140,1943
140,1944
140,1945
140,1946
140,1947
140,1948
140,1949
140,1950
140,1951
140,1952
140,1953
140,1954
140,1955
140,1956
140,1957
140,1958
140,1959
140,1960
140,1961
140,1962
140,1963
140,1964
140,1965
140,1966
140,1967
140,1968
140,1969
140,1970
140,1971
140,1972
140,1973
140,1974
140,1975
140,1976
140,1977
140,1978
140,1979
140,1980
140,1981
140,1982
140,1983
140,1984
140,1985
140,1986
140,1987
140,1988
140,1989
140,1990
140,1991
140,1992
140,1993
140,1994
140,1995
140,1996
140,1997
140,1998
140,1999
140,2000
140,2001
140,2002
140,2003
140,2004
140,2005
140,2006
140,2007
140,2008
140,2009
140,2010
140,2011
140,2012
140,2013
140,2014
140,2015
140,2016
140,2017
140,2018
140,2019
140,2020
140,2021
140,2022
140,2023
140,2024
145,1848
145,1849
145,1850
145,1851
145,1852
145,1853
145,1854
145,1855
145,1856
145,1857
145,1858
145,1859
145,1860
145,1861
145,1862
145,1863
145,1864
145,1865
145,1866
145,1867
145,1868
145,1869
145,1870
145,1871
145,1872
145,1873
145,1874
145,1875
145,1876
145,1877
145,1878
145,1879
145,1880
145,1881
145,1882
145,1883
145,1884
145,1885
145,1886
145,1887
145,1888
145,1889
145,1890
145,1891
145,1892
145,1893
145,1894
145,1895
145,1896
145,1897
145,1898
145,1899
145,1900
145,1901
145,1902
145,1903
145,1904
145,1905
145,1906
145,1907
145,1908
145,1909
145,1910
145,1911
145,1912
145,1913
145,1914
145,1915
145,1916
145,1917
145,1918
145,1919
145,1920
145,1921
145,1922
145,1923
145,1924
145,1925
145,1926
145,1927
145,1928
145,1929
145,1930
145,1931
145,1932
145,1933
145,1934
145,1935
145,1936
145,1937
145,1938
145,1939
145,1940
145,1941
145,1942
145,1943
145,1944
145,1945
145,1946
145,1947
145,1948
145,1949
145,1950
145,1951
145,1952
145,1953
145,1954
145,1955
145,1956
145,1957
145,1958
145,1959
145,1960
145,1961
145,1962
145,1963
145,1964
145,1965
145,1966
145,1967
145,1968
145,1969
145,1970
145,1971
145,1972
145,1973
145,1974
145,1975
145,1976
145,1977
145,1978
145,1979
145,1980
145,1981
145,1982
145,1983
145,1984
145,1985
145,1986
145,1987
145,1988
145,1989
145,1990
145,1991
145,1992
145,1993
145,1994
145,1995
145,1996
145,1997
145,1998
145,1999
145,2000
145,2001
145,2002
145,2003
145,2004
145,2005
145,2006
145,2007
145,2008
145,2009
145,2010
145,2011
145,2012
145,2013
145,2014
145,2015
145,2016
145,2017
145,2018
145,2019
145,2020
145,2021
145,2022
145,2023
145,2024
150,1846
150,1847
150,1848
150,1849
150,1850
150,1851
150,1852
150,1853
150,1854
150,1855
150,1856
150,1857
150,1858
150,1859
150,1860
150,1861
150,1862
150,1863
150,1864
150,1865
150,1866
150,1867
150,1868
150,1869
150,1870
150,1876
150,1877
150,1878
150,1879
150,1880
150,1881
150,1882
150,1883
150,1884
150,1885
150,1886
150,1887
150,1888
150,1889
150,1890
150,1891
150,1892
150,1893
150,1894
150,1895
150,1896
150,1897
150,1898
150,1899
150,1900
150,1901
150,1902
150,1903
150,1904
150,1905
150,1906
150,1907
150,1908
150,1909
150,1910
150,1911
150,1912
150,1913
150,1914
150,1915
150,1916
150,1917
150,1918
150,1919
150,1920
150,1921
150,1922
150,1923
150,1924
150,1925
150,1926
150,1927
150,1928
150,1929
150,1930
150,1931
150,1932
150,1933
150,1934
150,1935
150,1936
150,1937
150,1938
150,1939
150,1940
150,1941
150,1942
150,1943
150,1944
150,1945
150,1946
150,1947
150,1948
150,1949
150,1950
150,1951
150,1952
150,1953
150,1954
150,1955
150,1956
150,1957
150,1958
150,1959
150,1960
150,1961
150,1962
150,1963
150,1964
150,1965
150,1966
150,1967
150,1968
150,1969
150,1970
150,1971
150,1972
150,1973
150,1974
150,1975
150,1976
150,1977
150,1978
150,1979
150,1980
150,1981
150,1982
150,1983
150,1984
150,1985
150,1986
150,1987
150,1988
150,1989
150,1990
150,1991
150,1992
150,1993
150,1994
150,1995
150,1996
150,1997
150,1998
150,1999
150,2000
150,2001
150,2002
150,2003
150,2004
150,2005
150,2006
150,2007
150,2008
150,2009
150,2010
150,2011
150,2012
150,2013
150,2014
150,2015
150,2016
150,2017
150,2018
150,2019
150,2020
150,2021
150,2022
150,2023
150,2024
155,1839
155,1840
155,1841
155,1842
155,1843
155,1844
155,1845
155,1846
155,1847
155,1848
155,1849
155,1850
155,1851
155,1852
155,1853
155,1854
155,1855
155,1856
155,1857
155,1858
155,1859
155,1860
155,1861
155,1862
155,1863
155,1864
155,1865
155,1866
155,1867
155,1868
155,1869
155,1870
155,1871
155,1872
155,1873
155,1874
155,1875
155,1876
155,1877
155,1878
155,1879
155,1880
155,1881
155,1882
155,1883
155,1884
155,1885
155,1886
155,1887
155,1888
155,1889
155,1890
155,1891
155,1892
155,1893
155,1894
155,1895
155,1896
155,1897
155,1898
155,1899
155,1900
155,1901
155,1902
155,1903
155,1904
155,1905
155,1906
155,1907
155,1908
155,1909
155,1910
155,1911
155,1912
155,1913
155,1914
155,1915
155,1916
155,1917
155,1918
155,1919
155,1920
155,1921
155,1922
155,1923
155,1924
155,1925
155,1926
155,1927
155,1928
155,1929
155,1930
155,1931
155,1932
155,1933
155,1934
155,1935
155,1936
155,1937
155,1938
155,1939
155,1940
155,1941
155,1942
155,1943
155,1944
155,1945
155,1946
155,1947
155,1948
155,1949
155,1950
155,1951
155,1952
155,1953
155,1954
155,1955
155,1956
155,1957
155,1958
155,1959
155,1960
155,1961
155,1962
155,1963
155,1964
155,1965
155,1966
155,1967
155,1968
155,1969
155,1970
155,1971
155,1972
155,1973
155,1974
155,1975
155,1976
155,1977
155,1978
155,1979
155,1980
155,1981
155,1982
155,1983
155,1984
155,1985
155,1986
155,1987
155,1988
155,1989
155,1990
155,1991
155,1992
155,1993
155,1994
155,1995
155,1996
155,1997
155,1998
155,1999
155,2000
155,2001
155,2002
155,2003
155,2004
155,2005
155,2006
155,2007
155,2008
155,2009
155,2010
155,2011
155,2012
155,2013
155,2014
155,2015
155,2016
155,2017
155,2018
155,2019
155,2020
155,2021
155,2022
155,2023
155,2024
160,1841
160,1842
160,1843
160,1844
160,1845
160,1846
160,1847
160,1848
160,1849
160,1850
160,1851
160,1852
160,1853
160,1854
160,1855
160,1856
160,1857
160,1858
160,1859
160,1860
160,1861
160,1862
160,1863
160,1864
160,1865
160,1866
160,1867
160,1868
160,1869
160,1870
160,1871
160,1872
160,1873
160,1874
160,1875
160,1876
160,1877
160,1878
160,1879
160,1880
160,1881
160,1882
160,1883
160,1884
160,1885
160,1886
160,1887
160,1888
160,1889
160,1890
160,1891
160,1892
160,1893
160,1894
160,1895
160,1896
160,1897
160,1898
160,1899
160,1900
160,1901
160,1902
160,1903
160,1904
160,1905
160,1906
160,1907
160,1908
160,1909
160,1910
160,1911
160,1912
160,1913
160,1914
160,1915
160,1916
160,1917
160,1918
160,1919
160,1920
160,1921
160,1922
160,1923
160,1924
160,1925
160,1926
160,1927
160,1928
160,1929
160,1930
160,1931
160,1932
160,1933
160,1934
160,1935
160,1936
160,1937
160,1938
160,1939
160,1940
160,1941
160,1942
160,1943
160,1944
160,1945
160,1946
160,1947
160,1948
160,1949
160,1950
160,1951
160,1952
160,1953
160,1954
160,1955
160,1956
160,1957
160,1958
160,1959
160,1960
160,1961
160,1962
160,1963
160,1964
160,1965
160,1966
160,1967
160,1968
160,1969
160,1970
160,1971
160,1972
160,1973
160,1974
160,1975
160,1976
160,1977
160,1978
160,1979
160,1980
160,1981
160,1982
160,1983
160,1984
160,1985
160,1986
160,1987
160,1988
160,1989
160,1990
160,1991
160,1992
160,1993
160,1994
160,1995
160,1996
160,1997
160,1998
160,1999
160,2000
160,2001
160,2002
160,2003
160,2004
160,2005
160,2006
160,2007
160,2008
160,2009
160,2010
160,2011
160,2012
160,2013
160,2014
160,2015
160,2016
160,2017
160,2018
160,2019
160,2020
160,2021
160,2022
160,2023
160,2024
165,1882
165,1883
165,1884
165,1885
165,1886
165,1887
165,1888
165,1889
165,1890
165,1891
165,1892
165,1893
165,1894
165,1895
165,1896
165,1897
165,1898
165,1899
165,1900
165,1901
165,1902
165,1903
165,1904
165,1905
165,1906
165,1907
165,1908
165,1909
165,1910
165,1911
165,1912
165,1913
165,1914
165,1915
165,1916
165,1917
165,1918
165,1919
165,1920
165,1921
165,1922
165,1923
165,1924
165,1925
165,1926
165,1927
165,1928
165,1929
165,1930
165,1931
165,1932
165,1933
165,1934
165,1935
165,1936
165,1937
165,1938
165,1939
165,1940
165,1941
165,1942
165,1943
165,1944
165,1945
165,1946
165,1947
165,1948
165,1949
165,1950
165,1951
165,1952
165,1953
165,1954
165,1955
165,1956
165,1957
165,1958
165,1959
165,1960
165,1961
165,1962
165,1963
165,1964
165,1965
165,1966
165,1967
165,1968
165,1969
165,1970
165,1971
165,1972
165,1973
165,1974
165,1975
165,1976
165,1977
165,1978
165,1979
165,1980
165,1981
165,1982
165,1983
165,1984
165,1985
165,1986
165,1987
165,1988
165,1989
165,1990
165,1991
165,1992
165,1993
165,1994
165,1995
165,1996
165,1997
165,1998
165,1999
165,2000
165,2001
165,2002
165,2003
165,2004
165,2005
165,2006
165,2007
165,2008
165,2009
165,2010
165,2011
165,2012
165,2013
165,2014
165,2015
165,2016
165,2017
165,2018
165,2019
165,2020
165,2021
165,2022
165,2023
165,2024
200,1816
200,1817
200,1818
200,1819
200,1820
200,1821
200,1822
200,1823
200,1824
200,1825
200,1826
200,1827
200,1828
200,1829
200,1830
200,1831
200,1832
200,1833
200,1834
200,1835
200,1836
200,1837
200,1838
200,1839
200,1840
200,1841
200,1842
200,1843
200,1844
200,1845
200,1846
200,1847
200,1848
200,1849
200,1850
200,1851
200,1852
200,1853
200,1854
200,1855
200,1856
200,1857
200,1858
200,1859
200,1860
200,1861
200,1862
200,1863
200,1864
200,1865
200,1866
200,1867
200,1868
200,1869
200,1870
200,1871
200,1872
200,1873
200,1874
200,1875
200,1876
200,1877
200,1878
200,1879
200,1880
200,1881
200,1882
200,1883
200,1884
200,1885
200,1886
200,1887
200,1888
200,1889
200,1890
200,1891
200,1892
200,1893
200,1894
200,1895
200,1896
200,1897
200,1898
200,1899
200,1900
200,1901
200,1902
200,1903
200,1904
200,1905
200,1906
200,1907
200,1908
200,1909
200,1910
200,1911
200,1912
200,1913
200,1914
200,1915
200,1916
200,1917
200,1918
200,1919
200,1920
200,1921
200,1922
200,1923
200,1924
200,1925
200,1926
200,1927
200,1928
200,1929
200,1930
200,1931
200,1932
200,1933
200,1934
200,1935
200,1936
200,1937
200,1938
200,1939
200,1940
200,1941
200,1942
200,1943
200,1944
200,1945
200,1946
200,1947
200,1948
200,1949
200,1950
200,1951
200,1952
200,1953
200,1954
200,1955
200,1956
200,1957
200,1958
200,1959
200,1960
200,1961
200,1962
200,1963
200,1964
200,1965
200,1966
200,1967
200,1968
200,1969
200,1970
200,1971
200,1972
200,1973
200,1974
200,1975
200,1976
200,1977
200,1978
200,1979
200,1980
200,1981
200,1982
200,1983
200,1984
200,1985
200,1986
200,1987
200,1988
200,1989
200,1990
200,1991
200,1992
200,1993
200,1994
200,1995
200,1996
200,1997
200,1998
200,1999
200,2000
200,2001
200,2002
200,2003
200,2004
200,2005
200,2006
200,2007
200,2008
200,2009
200,2010
200,2011
200,2012
200,2013
200,2014
200,2015
200,2016
200,2017
200,2018
200,2019
200,2020
200,2021
200,2022
200,2023
200,2024
205,1922
205,1923
205,1924
205,1925
205,1926
205,1927
205,1928
205,1929
205,1930
205,1931
205,1932
205,1933
205,1934
205,1935
205,1936
205,1937
205,1938
205,1939
205,1940
205,1941
205,1942
205,1943
205,1944
205,1945
205,1946
205,1947
205,1948
205,1949
205,1950
205,1951
205,1952
205,1953
205,1954
205,1955
205,1956
205,1957
205,1958
205,1959
205,1960
205,1961
205,1962
205,1963
205,1964
205,1965
205,1966
205,1967
205,1968
205,1969
205,1970
205,1971
205,1972
205,1973
205,1974
205,1975
205,1976
205,1977
205,1978
205,1979
205,1980
205,1981
205,1982
205,1983
205,1984
205,1985
205,1986
205,1987
205,1988
205,1989
205,1990
205,1991
205,1992
205,1993
205,1994
205,1995
205,1996
205,1997
205,1998
205,1999
205,2000
205,2001
205,2002
205,2003
205,2004
205,2005
205,2006
205,2007
205,2008
205,2009
205,2010
205,2011
205,2012
205,2013
205,2014
205,2015
205,2016
205,2017
205,2018
205,2019
205,2020
205,2021
205,2022
205,2023
205,2024
210,1816
210,1817
210,1818
210,1819
210,1820
210,1821
210,1822
210,1823
210,1824
210,1825
210,1826
210,1827
210,1828
210,1829
210,1830
210,1831
210,1832
210,1833
210,1834
210,1835
210,1836
210,1837
210,1838
210,1839
210,1840
210,1841
210,1842
210,1843
210,1844
210,1845
210,1846
210,1847
210,1848
210,1849
210,1850
210,1851
210,1852
210,1853
210,1854
210,1855
210,1856
210,1857
210,1858
210,1859
210,1860
210,1861
210,1862
210,1863
210,1864
210,1865
210,1866
210,1867
210,1868
210,1869
210,1870
210,1871
210,1872
210,1873
210,1874
210,1875
210,1876
210,1877
210,1878
210,1879
210,1880
210,1881
210,1882
210,1883
210,1884
210,1885
210,1886
210,1887
210,1888
210,1889
210,1890
210,1891
210,1892
210,1893
210,1894
210,1895
210,1896
210,1897
210,1898
210,1899
210,1900
210,1901
210,1902
210,1903
210,1904
210,1905
210,1906
210,1907
210,1908
210,1909
210,1910
210,1911
210,1912
210,1913
210,1914
210,1915
210,1916
210,1917
210,1918
210,1919
210,1920
210,1921
210,1922
210,1923
210,1924
210,1925
210,1926
210,1927
210,1928
210,1929
210,1930
210,1931
210,1932
210,1933
210,1934
210,1935
210,1936
210,1937
210,1938
210,1939
210,1940
210,1945
210,1946
210,1947
210,1948
210,1949
210,1950
210,1951
210,1952
210,1953
210,1954
210,1955
210,1956
210,1957
210,1958
210,1959
210,1960
210,1961
210,1962
210,1963
210,1964
210,1965
210,1966
210,1967
210,1968
210,1969
210,1970
210,1971
210,1972
210,1973
210,1974
210,1975
210,1976
210,1977
210,1978
210,1979
210,1980
210,1981
210,1982
210,1983
210,1984
210,1985
210,1986
210,1987
210,1988
210,1989
210,1990
210,1991
210,1992
210,1993
210,1994
210,1995
210,1996
210,1997
210,1998
210,1999
210,2000
210,2001
210,2002
210,2003
210,2004
210,2005
210,2006
210,2007
210,2008
210,2009
210,2010
210,2011
210,2012
210,2013
210,2014
210,2015
210,2016
210,2017
210,2018
210,2019
210,2020
210,2021
210,2022
210,2023
210,2024
211,1830
211,1831
211,1832
211,1833
211,1834
211,1835
211,1836
211,1837
211,1838
211,1839
211,1840
211,1841
211,1842
211,1843
211,1844
211,1845
211,1846
211,1847
211,1848
211,1849
211,1850
211,1851
211,1852
211,1853
211,1854
211,1855
211,1856
211,1857
211,1858
211,1859
211,1860
211,1861
211,1862
211,1863
211,1864
211,1865
211,1866
211,1867
211,1868
211,1869
211,1870
211,1871
211,1872
211,1873
211,1874
211,1875
211,1876
211,1877
211,1878
211,1879
211,1880
211,1881
211,1882
211,1883
211,1884
211,1885
211,1886
211,1887
211,1888
211,1889
211,1890
211,1891
211,1892
211,1893
211,1894
211,1895
211,1896
211,1897
211,1898
211,1899
211,1900
211,1901
211,1902
211,1903
211,1904
211,1905
211,1906
211,1907
211,1908
211,1909
211,1910
211,1911
211,1912
211,1913
211,1914
211,1915
211,1916
211,1917
211,1918
211,1919
211,1920
211,1921
211,1922
211,1923
211,1924
211,1925
211,1926
211,1927
211,1928
211,1929
211,1930
211,1931
211,1932
211,1933
211,1934
211,1935
211,1936
211,1937
211,1938
211,1939
211,1940
211,1945
211,1946
211,1947
211,1948
211,1949
211,1950
211,1951
211,1952
211,1953
211,1954
211,1955
211,1956
211,1957
211,1958
211,1959
211,1960
211,1961
211,1962
211,1963
211,1964
211,1965
211,1966
211,1967
211,1968
211,1969
211,1970
211,1971
211,1972
211,1973
211,1974
211,1975
211,1976
211,1977
211,1978
211,1979
211,1980
211,1981
211,1982
211,1983
211,1984
211,1985
211,1986
211,1987
211,1988
211,1989
211,1990
211,1991
211,1992
211,1993
211,1994
211,1995
211,1996
211,1997
211,1998
211,1999
211,2000
211,2001
211,2002
211,2003
211,2004
211,2005
211,2006
211,2007
211,2008
211,2009
211,2010
211,2011
211,2012
211,2013
211,2014
211,2015
211,2016
211,2017
211,2018
211,2019
211,2020
211,2021
211,2022
211,2023
211,2024
212,1920
212,1921
212,1922
212,1923
212,1924
212,1925
212,1926
212,1927
212,1928
212,1929
212,1930
212,1931
212,1932
212,1933
212,1934
212,1935
212,1936
212,1937
212,1938
212,1939
212,1940
212,1944
212,1945
212,1946
212,1947
212,1948
212,1949
212,1950
212,1951
212,1952
212,1953
212,1954
212,1955
212,1956
212,1957
212,1958
212,1959
212,1960
212,1961
212,1962
212,1963
212,1964
212,1965
212,1966
212,1967
212,1968
212,1969
212,1970
212,1971
212,1972
212,1973
212,1974
212,1975
212,1976
212,1977
212,1978
212,1979
212,1980
212,1981
212,1982
212,1983
212,1984
212,1985
212,1986
212,1987
212,1988
212,1989
212,1990
212,1991
212,1992
212,1993
212,1994
212,1995
212,1996
212,1997
212,1998
212,1999
212,2000
212,2001
212,2002
212,2003
212,2004
212,2005
212,2006
212,2007
212,2008
212,2009
212,2010
212,2011
212,2012
212,2013
212,2014
212,2015
212,2016
212,2017
212,2018
212,2019
212,2020
212,2021
212,2022
212,2023
212,2024
220,1816
220,1817
220,1818
220,1819
220,1820
220,1821
220,1822
220,1823
220,1824
220,1825
220,1826
220,1827
220,1828
220,1829
220,1830
220,1831
220,1832
220,1833
220,1834
220,1835
220,1836
220,1837
220,1838
220,1839
220,1840
220,1841
220,1842
220,1843
220,1844
220,1845
220,1846
220,1847
220,1848
220,1849
220,1850
220,1851
220,1852
220,1853
220,1854
220,1855
220,1856
220,1857
220,1858
220,1859
220,1860
220,1861
220,1862
220,1863
220,1864
220,1865
220,1866
220,1867
220,1868
220,1869
220,1870
220,1871
220,1872
220,1873
220,1874
220,1875
220,1876
220,1877
220,1878
220,1879
220,1880
220,1881
220,1882
220,1883
220,1884
220,1885
220,1886
220,1887
220,1888
220,1889
220,1890
220,1891
220,1892
220,1893
220,1894
220,1895
220,1896
220,1897
220,1898
220,1899
220,1900
220,1901
220,1902
220,1903
220,1904
220,1905
220,1906
220,1907
220,1908
220,1909
220,1910
220,1911
220,1912
220,1913
220,1914
220,1915
220,1916
220,1917
220,1918
220,1919
220,1920
220,1921
220,1922
220,1923
220,1924
220,1925
220,1926
220,1927
220,1928
220,1929
220,1930
220,1931
220,1932
220,1933
220,1934
220,1935
220,1936
220,1937
220,1938
220,1939
220,1940
220,1941
220,1942
220,1944
220,1945
220,1946
220,1947
220,1948
220,1949
220,1950
220,1951
220,1952
220,1953
220,1954
220,1955
220,1956
220,1957
220,1958
220,1959
220,1960
220,1961
220,1962
220,1963
220,1964
220,1965
220,1966
220,1967
220,1968
220,1969
220,1970
220,1971
220,1972
220,1973
220,1974
220,1975
220,1976
220,1977
220,1978
220,1979
220,1980
220,1981
220,1982
220,1983
220,1984
220,1985
220,1986
220,1987
220,1988
220,1989
220,1990
220,1991
220,1992
220,1993
220,1994
220,1995
220,1996
220,1997
220,1998
220,1999
220,2000
220,2001
220,2002
220,2003
220,2004
220,2005
220,2006
220,2007
220,2008
220,2009
220,2010
220,2011
220,2012
220,2013
220,2014
220,2015
220,2016
220,2017
220,2018
220,2019
220,2020
220,2021
220,2022
220,2023
220,2024
221,1993
221,1994
221,1995
221,1996
221,1997
221,1998
221,1999
221,2000
221,2001
221,2002
221,2003
221,2004
221,2005
221,2006
221,2007
221,2008
221,2009
221,2010
221,2011
221,2012
221,2013
221,2014
221,2015
221,2016
221,2017
221,2018
221,2019
221,2020
221,2021
221,2022
221,2023
221,2024
223,1990
223,1991
223,1992
223,1993
223,1994
223,1995
223,1996
223,1997
223,1998
223,1999
223,2000
223,2001
223,2002
223,2003
223,2004
223,2005
223,2006
223,2007
223,2008
223,2009
223,2010
223,2011
223,2012
223,2013
223,2014
223,2015
223,2016
223,2017
223,2018
223,2019
223,2020
223,2021
223,2022
223,2023
223,2024
225,1816
225,1817
225,1818
225,1819
225,1820
225,1821
225,1822
225,1823
225,1824
225,1825
225,1826
225,1827
225,1828
225,1829
225,1830
225,1831
225,1832
225,1833
225,1834
225,1835
225,1836
225,1837
225,1838
225,1839
225,1840
225,1841
225,1842
225,1843
225,1844
225,1845
225,1846
225,1847
225,1848
225,1849
225,1850
225,1851
225,1852
225,1853
225,1854
225,1855
225,1856
225,1857
225,1858
225,1859
225,1860
225,1861
225,1862
225,1863
225,1864
225,1865
225,1866
225,1867
225,1868
225,1869
225,1870
225,1871
225,1872
225,1873
225,1874
225,1875
225,1876
225,1877
225,1878
225,1879
225,1880
225,1881
225,1882
225,1883
225,1884
225,1885
225,1886
225,1887
225,1888
225,1889
225,1890
225,1891
225,1892
225,1893
225,1894
225,1895
225,1896
225,1897
225,1898
225,1899
225,1900
225,1901
225,1902
225,1903
225,1904
225,1905
225,1906
225,1907
225,1908
225,1909
225,1910
225,1911
225,1912
225,1913
225,1914
225,1915
225,1916
225,1917
225,1918
225,1919
225,1920
225,1921
225,1922
225,1923
225,1924
225,1925
225,1926
225,1927
225,1928
225,1929
225,1930
225,1931
225,1932
225,1933
225,1934
225,1935
225,1936
225,1937
225,1938
225,1939
225,1940
225,1941
225,1942
225,1943
225,1944
225,1945
225,1946
225,1947
225,1948
225,1949
225,1950
225,1951
225,1952
225,1953
225,1954
225,1955
225,1956
225,1957
225,1958
225,1959
225,1960
225,1961
225,1962
225,1963
225,1964
225,1965
225,1966
225,1967
225,1968
225,1969
225,1970
225,1971
225,1972
225,1973
225,1974
225,1975
225,1976
225,1977
225,1978
225,1979
225,1980
225,1981
225,1982
225,1983
225,1984
225,1985
225,1986
225,1987
225,1988
225,1989
225,1990
225,1991
225,1992
225,1993
225,1994
225,1995
225,1996
225,1997
225,1998
225,1999
225,2000
225,2001
225,2002
225,2003
225,2004
225,2005
225,2006
225,2007
225,2008
225,2009
225,2010
225,2011
225,2012
225,2013
225,2014
225,2015
225,2016
225,2017
225,2018
225,2019
225,2020
225,2021
225,2022
225,2023
225,2024
230,1816
230,1817
230,1818
230,1819
230,1820
230,1821
230,1822
230,1823
230,1824
230,1825
230,1826
230,1827
230,1828
230,1829
230,1830
230,1831
230,1832
230,1833
230,1834
230,1835
230,1836
230,1837
230,1838
230,1839
230,1840
230,1841
230,1842
230,1843
230,1844
230,1845
230,1846
230,1847
230,1848
230,1849
230,1850
230,1851
230,1852
230,1853
230,1854
230,1855
230,1856
230,1857
230,1858
230,1859
230,1860
230,1861
230,1862
230,1863
230,1864
230,1865
230,1866
230,1867
230,1868
230,1869
230,1870
230,1871
230,1872
230,1873
230,1874
230,1875
230,1876
230,1877
230,1878
230,1879
230,1880
230,1881
230,1882
230,1883
230,1884
230,1885
230,1886
230,1887
230,1888
230,1889
230,1890
230,1891
230,1892
230,1893
230,1894
230,1895
230,1896
230,1897
230,1898
230,1899
230,1900
230,1901
230,1902
230,1903
230,1904
230,1905
230,1906
230,1907
230,1908
230,1909
230,1910
230,1911
230,1912
230,1913
230,1914
230,1915
230,1916
230,1917
230,1918
230,1919
230,1920
230,1921
230,1922
230,1923
230,1924
230,1925
230,1926
230,1927
230,1928
230,1929
230,1930
230,1931
230,1932
230,1933
230,1934
230,1935
230,1936
230,1937
230,1938
230,1939
230,1940
230,1941
230,1942
230,1943
230,1944
230,1945
230,1946
230,1947
230,1948
230,1949
230,1950
230,1951
230,1952
230,1953
230,1954
230,1955
230,1956
230,1957
230,1958
230,1959
230,1960
230,1961
230,1962
230,1963
230,1964
230,1965
230,1966
230,1967
230,1968
230,1969
230,1970
230,1971
230,1972
230,1973
230,1974
230,1975
230,1976
230,1977
230,1978
230,1979
230,1980
230,1981
230,1982
230,1983
230,1984
230,1985
230,1986
230,1987
230,1988
230,1989
230,1990
230,1991
230,1992
230,1993
230,1994
230,1995
230,1996
230,1997
230,1998
230,1999
230,2000
230,2001
230,2002
230,2003
230,2004
230,2005
230,2006
230,2007
230,2008
230,2009
230,2010
230,2011
230,2012
230,2013
230,2014
230,2015
230,2016
230,2017
230,2018
230,2019
230,2020
230,2021
230,2022
230,2023
230,2024
232,1993
232,1994
232,1995
232,1996
232,1997
232,1998
232,1999
232,2000
232,2001
232,2002
232,2003
232,2004
232,2005
232,2006
232,2007
232,2008
232,2009
232,2010
232,2011
232,2012
232,2013
232,2014
232,2015
232,2016
232,2017
232,2018
232,2019
232,2020
232,2021
232,2022
232,2023
232,2024
235,1816
235,1817
235,1818
235,1819
235,1820
235,1821
235,1822
235,1823
235,1824
235,1825
235,1826
235,1827
235,1828
235,1829
235,1830
235,1831
235,1832
235,1833
235,1834
235,1835
235,1836
235,1837
235,1838
235,1839
235,1840
235,1841
235,1842
235,1843
235,1844
235,1845
235,1846
235,1847
235,1848
235,1849
235,1850
235,1851
235,1852
235,1853
235,1854
235,1855
235,1856
235,1857
235,1858
235,1859
235,1860
235,1861
235,1862
235,1863
235,1864
235,1865
235,1866
235,1867
235,1868
235,1869
235,1870
235,1871
235,1872
235,1873
235,1874
235,1875
235,1876
235,1877
235,1878
235,1879
235,1880
235,1881
235,1882
235,1883
235,1884
235,1885
235,1886
235,1887
235,1888
235,1889
235,1890
235,1891
235,1892
235,1893
235,1894
235,1895
235,1896
235,1897
235,1898
235,1899
235,1900
235,1901
235,1902
235,1903
235,1904
235,1905
235,1906
235,1907
235,1908
235,1909
235,1910
235,1911
235,1912
235,1913
235,1914
235,1915
235,1916
235,1917
235,1918
235,1919
235,1920
235,1921
235,1922
235,1923
235,1924
235,1925
235,1926
235,1927
235,1928
235,1929
235,1930
235,1931
235,1932
235,1933
235,1934
235,1935
235,1936
235,1937
235,1938
235,1939
235,1940
235,1941
235,1942
235,1943
235,1944
235,1945
235,1946
235,1947
235,1948
235,1949
235,1950
235,1951
235,1952
235,1953
235,1954
235,1955
235,1956
235,1957
235,1958
235,1959
235,1960
235,1961
235,1962
235,1963
235,1964
235,1965
235,1966
235,1967
235,1968
235,1969
235,1970
235,1971
235,1972
235,1973
235,1974
235,1975
235,1976
235,1977
235,1978
235,1979
235,1980
235,1981
235,1982
235,1983
235,1984
235,1985
235,1986
235,1987
235,1988
235,1989
235,1990
235,1991
235,1992
235,1993
235,1994
235,1995
235,1996
235,1997
235,1998
235,1999
235,2000
235,2001
235,2002
235,2003
235,2004
235,2005
235,2006
235,2007
235,2008
235,2009
235,2010
235,2011
235,2012
235,2013
235,2014
235,2015
235,2016
235,2017
235,2018
235,2019
235,2020
235,2021
235,2022
235,2023
235,2024
240,1837
240,1838
240,1839
240,1840
240,1841
240,1842
240,1843
240,1844
240,1845
240,1846
240,1847
240,1848
240,1849
240,1850
240,1851
240,1852
240,1853
240,1854
240,1855
240,1856
240,1857
240,1858
240,1859
240,1860
240,1861
240,1862
240,1863
240,1864
240,1865
240,1866
245,1816
245,1817
245,1818
245,1819
245,1820
245,1821
245,1822
245,1823
245,1824
245,1825
245,1826
245,1827
245,1828
245,1829
245,1830
245,1831
245,1832
245,1833
245,1834
245,1835
245,1836
245,1837
245,1838
245,1839
245,1840
245,1841
245,1842
245,1843
245,1844
245,1845
245,1846
245,1847
245,1848
245,1849
245,1850
245,1851
245,1852
245,1853
245,1854
245,1855
245,1856
245,1857
245,1858
245,1859
245,1860
245,1861
245,1862
245,1863
245,1864
245,1865
245,1866
245,1867
245,1868
245,1869
245,1870
245,1871
255,1816
255,1817
255,1818
255,1819
255,1820
255,1821
255,1822
255,1823
255,1824
255,1825
255,1826
255,1827
255,1828
255,1829
255,1830
255,1831
255,1832
255,1833
255,1834
255,1835
255,1836
255,1837
255,1838
255,1839
255,1840
255,1841
255,1842
255,1843
255,1844
255,1845
255,1846
255,1847
255,1848
255,1849
255,1850
255,1851
255,1852
255,1853
255,1854
255,1855
255,1856
255,1857
255,1858
255,1859
255,1860
255,1861
255,1862
255,1863
255,1864
255,1865
255,1866
255,1867
255,1868
255,1869
255,1870
255,1871
255,1872
255,1873
255,1874
255,1875
255,1876
255,1877
255,1878
255,1879
255,1880
255,1881
255,1882
255,1883
255,1884
255,1885
255,1886
255,1887
255,1888
255,1889
255,1890
255,1891
255,1892
255,1893
255,1894
255,1895
255,1896
255,1897
255,1898
255,1899
255,1900
255,1901
255,1902
255,1903
255,1904
255,1905
255,1906
255,1907
255,1908
255,1909
255,1910
255,1911
255,1912
255,1913
255,1914
255,1915
255,1916
255,1917
255,1918
255,1919
255,1920
255,1921
255,1922
255,1923
255,1924
255,1925
255,1926
255,1927
255,1928
255,1929
255,1930
255,1931
255,1932
255,1933
255,1934
255,1935
255,1936
255,1937
255,1938
255,1939
255,1940
255,1941
255,1942
255,1943
255,1944
255,1945
255,1990
255,1991
255,1992
255,1993
255,1994
255,1995
255,1996
255,1997
255,1998
255,1999
255,2000
255,2001
255,2002
255,2003
255,2004
255,2005
255,2006
255,2007
255,2008
255,2009
255,2010
255,2011
255,2012
255,2013
255,2014
255,2015
255,2016
255,2017
255,2018
255,2019
255,2020
255,2021
255,2022
255,2023
255,2024
260,1955
260,1956
260,1957
260,1958
260,1959
260,1960
260,1961
260,1962
260,1963
260,1964
260,1965
260,1966
260,1967
260,1968
260,1969
260,1970
260,1971
260,1972
260,1973
260,1974
260,1975
260,1976
260,1977
260,1978
260,1979
260,1980
260,1981
260,1982
260,1983
260,1984
260,1985
260,1986
260,1987
260,1988
260,1989
260,1990
265,1954
265,1955
265,1956
265,1957
265,1958
265,1959
265,1960
265,1961
265,1962
265,1963
265,1964
265,1965
265,1966
265,1967
265,1968
265,1969
265,1970
265,1971
265,1972
265,1973
265,1974
265,1975
265,1976
265,1977
265,1978
265,1979
265,1980
265,1981
265,1982
265,1983
265,1984
265,1985
265,1986
265,1987
265,1988
265,1989
265,1990
267,1816
267,1817
267,1818
267,1819
267,1820
267,1821
267,1822
267,1823
267,1824
267,1825
267,1826
267,1827
267,1828
267,1829
267,1830
267,1831
267,1832
267,1833
267,1834
267,1835
267,1836
267,1837
267,1838
267,1839
267,1840
267,1841
267,1842
267,1843
267,1844
267,1845
267,1846
267,1847
267,1848
267,1849
267,1850
267,1851
267,1852
267,1853
267,1854
267,1855
267,1856
267,1857
267,1858
267,1859
267,1860
267,1861
267,1862
267,1863
267,1864
267,1865
267,1866
267,1867
267,1868
267,1869
267,1870
267,1871
269,1816
269,1817
269,1818
269,1819
269,1820
269,1821
269,1822
269,1823
269,1824
269,1825
269,1826
269,1827
269,1828
269,1829
269,1830
269,1831
269,1832
269,1833
269,1834
269,1835
269,1836
269,1837
269,1838
269,1839
269,1840
269,1841
269,1842
269,1843
269,1844
269,1845
269,1846
269,1847
269,1848
269,1849
269,1850
269,1851
269,1852
269,1853
269,1854
269,1855
269,1856
269,1857
269,1858
269,1859
269,1860
269,1861
269,1862
269,1863
269,1864
269,1865
269,1866
269,1867
271,1816
271,1817
271,1818
271,1819
271,1820
271,1821
271,1822
271,1823
271,1824
271,1825
271,1826
271,1827
271,1828
271,1829
271,1830
271,1831
271,1832
271,1833
271,1834
271,1835
271,1836
271,1837
271,1838
271,1839
271,1840
271,1841
271,1842
271,1843
271,1844
271,1845
271,1846
271,1847
271,1848
271,1849
271,1850
271,1851
271,1852
271,1853
271,1854
271,1855
271,1856
271,1857
271,1858
271,1859
271,1860
271,1861
271,1862
271,1863
271,1864
271,1865
271,1866
271,1867
271,1868
271,1869
271,1870
271,1871
273,1816
273,1817
273,1818
273,1819
273,1820
273,1821
273,1822
273,1823
273,1824
273,1825
273,1826
273,1827
273,1828
273,1829
273,1830
273,1831
273,1832
273,1833
273,1834
273,1835
273,1836
273,1837
273,1838
273,1839
273,1840
273,1841
273,1842
273,1843
273,1844
273,1845
273,1846
273,1847
273,1848
273,1849
273,1850
273,1851
273,1852
273,1853
273,1854
273,1855
273,1856
273,1857
273,1858
273,1859
273,1860
273,1861
273,1862
273,1863
273,1864
273,1865
273,1866
275,1816
275,1817
275,1818
275,1819
275,1820
275,1821
275,1822
275,1823
275,1824
275,1825
275,1826
275,1827
275,1828
275,1829
275,1830
275,1831
275,1832
275,1833
275,1834
275,1835
275,1836
275,1837
275,1838
275,1839
275,1840
275,1841
275,1842
275,1843
275,1844
275,1845
275,1846
275,1847
275,1848
275,1849
275,1850
275,1851
275,1852
275,1853
275,1854
275,1855
275,1856
275,1857
275,1858
275,1859
275,1860
275,1861
275,1862
275,1863
275,1864
275,1865
275,1866
275,1867
280,1843
280,1844
280,1845
280,1846
280,1847
280,1848
280,1849
280,1850
280,1851
280,1852
280,1853
280,1854
280,1855
280,1856
280,1857
280,1858
280,1859
280,1860
280,1861
280,1862
280,1863
280,1864
280,1865
280,1866
280,1867
290,1918
290,1919
290,1920
290,1921
290,1922
290,1923
290,1924
290,1925
290,1926
290,1927
290,1928
290,1929
290,1930
290,1931
290,1932
290,1933
290,1934
290,1935
290,1936
290,1937
290,1938
290,1939
290,1945
290,1946
290,1947
290,1948
290,1949
290,1950
290,1951
290,1952
290,1953
290,1954
290,1955
290,1956
290,1957
290,1958
290,1959
290,1960
290,1961
290,1962
290,1963
290,1964
290,1965
290,1966
290,1967
290,1968
290,1969
290,1970
290,1971
290,1972
290,1973
290,1974
290,1975
290,1976
290,1977
290,1978
290,1979
290,1980
290,1981
290,1982
290,1983
290,1984
290,1985
290,1986
290,1987
290,1988
290,1989
290,1990
290,1991
290,1992
290,1993
290,1994
290,1995
290,1996
290,1997
290,1998
290,1999
290,2000
290,2001
290,2002
290,2003
290,2004
290,2005
290,2006
290,2007
290,2008
290,2009
290,2010
290,2011
290,2012
290,2013
290,2014
290,2015
290,2016
290,2017
290,2018
290,2019
290,2020
290,2021
290,2022
290,2023
290,2024
300,1816
300,1817
300,1818
300,1819
300,1820
300,1821
300,1822
300,1823
300,1824
300,1825
300,1826
300,1827
300,1828
300,1829
300,1830
300,1831
300,1832
300,1833
300,1834
300,1835
300,1836
300,1837
300,1838
300,1839
300,1840
300,1841
300,1842
300,1843
300,1844
300,1845
300,1846
300,1847
300,1848
300,1849
300,1850
300,1851
300,1852
300,1853
300,1854
300,1855
300,1856
300,1857
300,1858
300,1859
300,1860
300,1861
300,1862
300,1863
300,1864
300,1865
300,1866
300,1867
300,1868
300,1869
300,1870
300,1871
300,1872
300,1873
300,1874
300,1875
300,1876
300,1877
300,1878
300,1879
300,1880
300,1881
300,1882
300,1883
300,1884
300,1885
300,1886
300,1887
300,1888
300,1889
300,1890
300,1891
300,1892
300,1893
300,1894
300,1895
300,1896
300,1897
300,1898
300,1899
300,1900
300,1901
300,1902
300,1903
300,1904
300,1905
300,1906
300,1907
300,1908
300,1909
300,1910
300,1911
300,1912
300,1913
300,1914
300,1915
300,1916
300,1917
300,1918
305,1919
305,1920
305,1921
305,1922
305,1923
305,1924
305,1925
305,1926
305,1927
305,1928
305,1929
305,1930
305,1931
305,1932
305,1933
305,1934
305,1935
305,1936
305,1937
305,1938
305,1955
305,1956
305,1957
305,1958
305,1959
305,1960
305,1961
305,1962
305,1963
305,1964
305,1965
305,1966
305,1967
305,1968
305,1969
305,1970
305,1971
305,1972
305,1973
305,1974
305,1975
305,1976
305,1977
305,1978
305,1979
305,1980
305,1981
305,1982
305,1983
305,1984
305,1985
305,1986
305,1987
305,1988
305,1989
305,1990
305,1991
305,1992
305,1993
305,1994
305,1995
305,1996
305,1997
305,1998
305,1999
305,2000
305,2001
305,2002
305,2003
305,2004
305,2005
305,2006
305,2007
305,2008
305,2009
305,2010
305,2011
305,2012
305,2013
305,2014
305,2015
305,2016
305,2017
305,2018
305,2019
305,2020
305,2021
305,2022
305,2023
305,2024
310,1918
310,1919
310,1920
310,1921
310,1922
310,1923
310,1924
310,1925
310,1926
310,1927
310,1928
310,1929
310,1930
310,1931
310,1932
310,1933
310,1934
310,1935
310,1936
310,1937
310,1938
310,1939
310,1940
310,1941
310,1942
310,1943
310,1944
310,1945
310,1946
310,1947
310,1948
310,1949
310,1950
310,1951
310,1952
310,1953
310,1954
310,1955
310,1956
310,1957
310,1958
310,1959
310,1960
310,1961
310,1962
310,1963
310,1964
310,1965
310,1966
310,1967
310,1968
310,1969
310,1970
310,1971
310,1972
310,1973
310,1974
310,1975
310,1976
310,1977
310,1978
310,1979
310,1980
310,1981
310,1982
310,1983
310,1984
310,1985
310,1986
310,1987
310,1988
310,1989
310,1990
310,1991
310,1992
310,1993
310,1994
310,1995
310,1996
310,1997
310,1998
310,1999
310,2000
310,2001
310,2002
310,2003
310,2004
310,2005
310,2006
310,2007
310,2008
310,2009
310,2010
310,2011
310,2012
310,2013
310,2014
310,2015
310,2016
310,2017
310,2018
310,2019
310,2020
310,2021
310,2022
310,2023
310,2024
315,1918
315,1919
315,1920
315,1921
315,1922
315,1923
315,1924
315,1925
315,1926
315,1927
315,1928
315,1929
315,1930
315,1931
315,1932
315,1933
315,1934
315,1935
315,1936
315,1937
315,1938
315,1939
315,1945
315,1946
315,1947
315,1948
315,1949
315,1950
315,1951
315,1952
315,1953
315,1954
315,1955
315,1956
315,1957
315,1958
315,1959
315,1960
315,1961
315,1962
315,1963
315,1964
315,1965
315,1966
315,1967
315,1968
315,1969
315,1970
315,1971
315,1972
315,1973
315,1974
315,1975
315,1976
315,1977
315,1978
315,1979
315,1980
315,1981
315,1982
315,1983
315,1984
315,1985
315,1986
315,1987
315,1988
315,1989
315,1990
315,1991
315,1992
316,1993
316,1994
316,1995
316,1996
316,1997
316,1998
316,1999
316,2000
316,2001
316,2002
316,2003
316,2004
316,2005
316,2006
316,2007
316,2008
316,2009
316,2010
316,2011
316,2012
316,2013
316,2014
316,2015
316,2016
316,2017
316,2018
316,2019
316,2020
316,2021
316,2022
316,2023
316,2024
317,1993
317,1994
317,1995
317,1996
317,1997
317,1998
317,1999
317,2000
317,2001
317,2002
317,2003
317,2004
317,2005
317,2006
317,2007
317,2008
317,2009
317,2010
317,2011
317,2012
317,2013
317,2014
317,2015
317,2016
317,2017
317,2018
317,2019
317,2020
317,2021
317,2022
317,2023
317,2024
325,1816
325,1817
325,1818
325,1819
325,1820
325,1821
325,1822
325,1823
325,1824
325,1825
325,1826
325,1827
325,1828
325,1829
325,1830
325,1831
325,1832
325,1833
325,1834
325,1835
325,1836
325,1837
325,1838
325,1839
325,1840
325,1841
325,1842
325,1843
325,1844
325,1845
325,1846
325,1847
325,1848
325,1849
325,1850
325,1851
325,1852
325,1853
325,1854
325,1855
325,1856
325,1857
325,1858
325,1859
325,1860
325,1861
325,1862
325,1863
325,1864
325,1865
325,1866
325,1867
325,1868
325,1869
325,1870
325,1871
325,1872
325,1873
325,1874
325,1875
325,1876
325,1877
325,1878
325,1879
325,1880
325,1881
325,1882
325,1883
325,1884
325,1885
325,1886
325,1887
325,1888
325,1889
325,1890
325,1891
325,1892
325,1893
325,1894
325,1895
325,1896
325,1897
325,1898
325,1899
325,1900
325,1901
325,1902
325,1903
325,1904
325,1905
325,1906
325,1907
325,1908
325,1909
325,1910
325,1911
325,1912
325,1913
325,1914
325,1915
325,1916
325,1917
325,1918
325,1919
325,1920
325,1921
325,1922
325,1923
325,1924
325,1925
325,1926
325,1927
325,1928
325,1929
325,1930
325,1931
325,1932
325,1933
325,1934
325,1935
325,1936
325,1937
325,1938
325,1939
325,1940
325,1941
325,1942
325,1943
325,1944
325,1945
325,1946
325,1947
325,1948
325,1949
325,1950
325,1951
325,1952
325,1953
325,1954
325,1955
325,1956
325,1957
325,1958
325,1959
325,1960
325,1961
325,1962
325,1963
325,1964
325,1965
325,1966
325,1967
325,1968
325,1969
325,1970
325,1971
325,1972
325,1973
325,1974
325,1975
325,1976
325,1977
325,1978
325,1979
325,1980
325,1981
325,1982
325,1983
325,1984
325,1985
325,1986
325,1987
325,1988
325,1989
325,1990
325,1991
325,1992
325,1993
325,1994
325,1995
325,1996
325,1997
325,1998
325,1999
325,2000
325,2001
325,2002
325,2003
325,2004
325,2005
325,2006
325,2007
325,2008
325,2009
325,2010
325,2011
325,2012
325,2013
325,2014
325,2015
325,2016
325,2017
325,2018
325,2019
325,2020
325,2021
325,2022
325,2023
325,2024
327,1816
327,1817
327,1818
327,1819
327,1820
327,1821
327,1822
327,1823
327,1824
327,1825
327,1826
327,1827
327,1828
327,1829
327,1830
327,1831
327,1832
327,1833
327,1834
327,1835
327,1836
327,1837
327,1838
327,1839
327,1840
327,1841
327,1842
327,1843
327,1844
327,1845
327,1846
327,1847
327,1848
327,1849
327,1850
327,1851
327,1852
327,1853
327,1854
327,1855
327,1856
327,1857
327,1858
327,1859
327,1860
329,1816
329,1817
329,1818
329,1819
329,1820
329,1821
329,1822
329,1823
329,1824
329,1825
329,1826
329,1827
329,1828
329,1829
329,1830
329,1831
329,1832
329,1833
329,1834
329,1835
329,1836
329,1837
329,1838
329,1839
329,1840
329,1841
329,1842
329,1843
329,1844
329,1845
329,1846
329,1847
329,1848
329,1849
329,1850
329,1851
329,1852
329,1853
329,1854
329,1855
329,1856
329,1857
329,1858
329,1859
329,1860
329,1861
331,1992
331,1993
331,1994
331,1995
331,1996
331,1997
331,1998
331,1999
331,2000
331,2001
331,2002
331,2003
331,2004
331,2005
331,2006
331,2007
331,2008
331,2009
331,2010
331,2011
331,2012
331,2013
331,2014
331,2015
331,2016
331,2017
331,2018
331,2019
331,2020
331,2021
331,2022
331,2023
331,2024
332,1842
332,1843
332,1844
332,1845
332,1846
332,1847
332,1848
332,1849
332,1850
332,1851
332,1852
332,1853
332,1854
332,1855
332,1856
332,1857
332,1858
332,1859
332,1860
335,1851
335,1852
335,1853
335,1854
335,1855
335,1856
335,1857
335,1858
335,1859
335,1860
337,1816
337,1817
337,1818
337,1819
337,1820
337,1821
337,1822
337,1823
337,1824
337,1825
337,1826
337,1827
337,1828
337,1829
337,1830
337,1831
337,1832
337,1833
337,1834
337,1835
337,1836
337,1837
337,1838
337,1839
337,1840
337,1841
337,1842
337,1843
337,1844
337,1845
337,1846
337,1847
337,1848
337,1849
337,1850
337,1851
337,1852
337,1853
337,1854
337,1855
337,1856
337,1857
337,1858
337,1859
337,1860
338,1964
338,1965
338,1966
338,1967
338,1968
338,1969
338,1970
338,1971
338,1972
338,1973
338,1974
338,1975
338,1976
338,1977
338,1978
338,1979
338,1980
338,1981
338,1982
338,1983
338,1984
338,1985
338,1986
338,1987
338,1988
338,1989
338,1990
338,1991
338,1992
338,1993
338,1994
338,1995
338,1996
338,1997
338,1998
338,1999
338,2000
338,2001
338,2002
338,2003
338,2004
338,2005
338,2006
338,2007
338,2008
338,2009
338,2010
338,2011
338,2012
338,2013
338,2014
338,2015
338,2016
338,2017
338,2018
338,2019
338,2020
338,2021
338,2022
338,2023
338,2024
339,1914
339,1915
339,1916
339,1917
339,1918
339,1919
339,1920
339,1921
339,1922
339,1923
339,1924
339,1925
339,1926
339,1927
339,1928
339,1929
339,1930
339,1931
339,1932
339,1933
339,1934
339,1935
339,1936
339,1937
339,1938
339,1939
339,1944
339,1945
339,1946
339,1947
339,1948
339,1949
339,1950
339,1951
339,1952
339,1953
339,1954
339,1955
339,1956
339,1957
339,1958
339,1959
339,1960
339,1961
339,1962
339,1963
339,1964
339,1965
339,1966
339,1967
339,1968
339,1969
339,1970
339,1971
339,1972
339,1973
339,1974
339,1975
339,1976
339,1977
339,1978
339,1979
339,1980
339,1981
339,1982
339,1983
339,1984
339,1985
339,1986
339,1987
339,1988
339,1989
339,1990
339,1991
339,1992
339,1993
339,1994
339,1995
339,1996
339,1997
339,1998
339,1999
339,2000
339,2001
339,2002
339,2003
339,2004
339,2005
339,2006
339,2007
339,2008
339,2009
339,2010
339,2011
339,2012
339,2013
339,2014
339,2015
339,2016
339,2017
339,2018
339,2019
339,2020
339,2021
339,2022
339,2023
339,2024
341,2006
341,2007
341,2008
341,2009
341,2010
341,2011
341,2012
341,2013
341,2014
341,2015
341,2016
341,2017
341,2018
341,2019
341,2020
341,2021
341,2022
341,2023
341,2024
343,1993
343,1994
343,1995
343,1996
343,1997
343,1998
343,1999
343,2000
343,2001
343,2002
343,2003
343,2004
343,2005
343,2006
343,2007
343,2008
343,2009
343,2010
343,2011
343,2012
343,2013
343,2014
343,2015
343,2016
343,2017
343,2018
343,2019
343,2020
343,2021
343,2022
343,2023
343,2024
344,1992
344,1993
344,1994
344,1995
344,1996
344,1997
344,1998
344,1999
344,2000
344,2001
344,2002
344,2003
344,2004
344,2005
344,2006
344,2007
344,2008
344,2009
344,2010
344,2011
344,2012
344,2013
344,2014
344,2015
344,2016
344,2017
344,2018
344,2019
344,2020
344,2021
344,2022
344,2023
344,2024
345,1878
345,1879
345,1880
345,1881
345,1882
345,1883
345,1884
345,1885
345,1886
345,1887
345,1888
345,1889
345,1890
345,1891
345,1892
345,1893
345,1894
345,1895
345,1896
345,1897
345,1898
345,1899
345,1900
345,1901
345,1902
345,1903
345,1904
345,1905
345,1906
345,1907
345,1908
345,1909
345,1910
345,1911
345,1912
345,1913
345,1914
345,1915
345,1916
345,1917
345,1918
345,1919
345,1920
345,1921
345,1922
345,1923
345,1924
345,1925
345,1926
345,1927
345,1928
345,1929
345,1930
345,1931
345,1932
345,1933
345,1934
345,1935
345,1936
345,1937
345,1938
345,1939
345,1940
345,1941
345,1944
345,1945
345,1946
345,1947
345,1948
345,1949
345,1950
345,1951
345,1952
345,1953
345,1954
345,1955
345,1956
345,1957
345,1958
345,1959
345,1960
345,1961
345,1962
345,1963
345,1964
345,1965
345,1966
345,1967
345,1968
345,1969
345,1970
345,1971
345,1972
345,1973
345,1974
345,1975
345,1976
345,1977
345,1978
345,1979
345,1980
345,1981
345,1982
345,1983
345,1984
345,1985
345,1986
345,1987
345,1988
345,1989
345,1990
345,1991
345,1992
345,1993
345,1994
345,1995
345,1996
345,1997
345,1998
345,1999
345,2000
345,2001
345,2002
345,2003
345,2004
345,2005
345,2006
345,2007
345,2008
345,2009
345,2010
345,2011
345,2012
345,2013
345,2014
345,2015
345,2016
345,2017
345,2018
345,2019
345,2020
345,2021
345,2022
345,2023
345,2024
346,1992
346,1993
346,1994
346,1995
346,1996
346,1997
346,1998
346,1999
346,2000
346,2001
346,2002
346,2003
346,2004
346,2005
346,2006
346,2007
346,2008
346,2009
346,2010
346,2011
346,2012
346,2013
346,2014
346,2015
346,2016
346,2017
346,2018
346,2019
346,2020
346,2021
346,2022
346,2023
346,2024
347,2008
347,2009
347,2010
347,2011
347,2012
347,2013
347,2014
347,2015
347,2016
347,2017
347,2018
347,2019
347,2020
347,2021
347,2022
347,2023
347,2024
349,1992
349,1993
349,1994
349,1995
349,1996
349,1997
349,1998
349,1999
349,2000
349,2001
349,2002
349,2003
349,2004
349,2005
349,2006
349,2007
349,2008
349,2009
349,2010
349,2011
349,2012
349,2013
349,2014
349,2015
349,2016
349,2017
349,2018
349,2019
349,2020
349,2021
349,2022
349,2023
349,2024
350,1828
350,1829
350,1830
350,1831
350,1832
350,1833
350,1834
350,1835
350,1836
350,1837
350,1838
350,1839
350,1840
350,1841
350,1842
350,1843
350,1844
350,1845
350,1846
350,1847
350,1848
350,1849
350,1850
350,1851
350,1852
350,1853
350,1854
350,1855
350,1856
350,1857
350,1858
350,1859
350,1860
350,1861
350,1862
350,1863
350,1864
350,1865
350,1866
350,1867
350,1868
350,1869
350,1870
350,1871
350,1872
350,1873
350,1874
350,1875
350,1876
350,1877
350,1878
350,1879
350,1880
350,1881
350,1882
350,1883
350,1884
350,1885
350,1886
350,1887
350,1888
350,1889
350,1890
350,1891
350,1892
350,1893
350,1894
350,1895
350,1896
350,1897
350,1898
350,1899
350,1900
350,1901
350,1902
350,1903
350,1904
350,1905
350,1906
350,1907
350,1908
350,1909
350,1910
350,1911
350,1912
350,1913
350,1914
350,1915
350,1916
350,1917
350,1918
350,1919
350,1920
350,1921
350,1922
350,1923
350,1924
350,1925
350,1926
350,1927
350,1928
350,1929
350,1930
350,1931
350,1932
350,1933
350,1934
350,1935
350,1936
350,1937
350,1938
350,1939
350,1940
350,1941
350,1944
350,1945
350,1946
350,1947
350,1948
350,1949
350,1950
350,1951
350,1952
350,1953
350,1954
350,1955
350,1956
350,1957
350,1958
350,1959
350,1960
350,1961
350,1962
350,1963
350,1964
350,1965
350,1966
350,1967
350,1968
350,1969
350,1970
350,1971
350,1972
350,1973
350,1974
350,1975
350,1976
350,1977
350,1978
350,1979
350,1980
350,1981
350,1982
350,1983
350,1984
350,1985
350,1986
350,1987
350,1988
350,1989
350,1990
350,1991
350,1992
350,1993
350,1994
350,1995
350,1996
350,1997
350,1998
350,1999
350,2000
350,2001
350,2002
350,2003
350,2004
350,2005
350,2006
350,2007
350,2008
350,2009
350,2010
350,2011
350,2012
350,2013
350,2014
350,2015
350,2016
350,2017
350,2018
350,2019
350,2020
350,2021
350,2022
350,2023
350,2024
352,1960
352,1961
352,1962
352,1963
352,1964
352,1965
352,1966
352,1967
352,1968
352,1969
352,1970
352,1971
352,1972
352,1973
352,1974
352,1975
352,1976
352,1977
352,1978
352,1979
352,1980
352,1981
352,1982
352,1983
352,1984
352,1985
352,1986
352,1987
352,1988
352,1989
352,1990
352,1991
352,1992
352,1993
352,1994
352,1995
352,1996
352,1997
352,1998
352,1999
352,2000
352,2001
352,2002
352,2003
352,2004
352,2005
352,2006
352,2007
352,2008
352,2009
352,2010
352,2011
352,2012
352,2013
352,2014
352,2015
352,2016
352,2017
352,2018
352,2019
352,2020
352,2021
352,2022
352,2023
352,2024
355,1908
355,1909
355,1910
355,1911
355,1912
355,1913
355,1914
355,1915
355,1916
355,1917
355,1918
355,1919
355,1920
355,1921
355,1922
355,1923
355,1924
355,1925
355,1926
355,1927
355,1928
355,1929
355,1930
355,1931
355,1932
355,1933
355,1934
355,1935
355,1936
355,1937
355,1938
355,1939
355,1940
355,1941
355,1942
355,1943
355,1944
355,1945
355,1946
355,1947
355,1948
355,1949
355,1950
355,1951
355,1952
355,1953
355,1954
355,1955
355,1956
355,1957
355,1958
355,1959
355,1960
355,1961
355,1962
355,1963
355,1964
355,1965
355,1966
355,1967
355,1968
355,1969
355,1970
355,1971
355,1972
355,1973
355,1974
355,1975
355,1976
355,1977
355,1978
355,1979
355,1980
355,1981
355,1982
355,1983
355,1984
355,1985
355,1986
355,1987
355,1988
355,1989
355,1990
355,1991
355,1992
355,1993
355,1994
355,1995
355,1996
355,1997
355,1998
355,1999
355,2000
355,2001
355,2002
355,2003
355,2004
355,2005
355,2006
355,2007
355,2008
355,2009
355,2010
355,2011
355,2012
355,2013
355,2014
355,2015
355,2016
355,2017
355,2018
355,2019
355,2020
355,2021
355,2022
355,2023
355,2024
359,1991
359,1992
359,1993
359,1994
359,1995
359,1996
359,1997
359,1998
359,1999
359,2000
359,2001
359,2002
359,2003
359,2004
359,2005
359,2006
359,2007
359,2008
359,2009
359,2010
359,2011
359,2012
359,2013
359,2014
359,2015
359,2016
359,2017
359,2018
359,2019
359,2020
359,2021
359,2022
359,2023
359,2024
360,1878
360,1879
360,1880
360,1881
360,1882
360,1883
360,1884
360,1885
360,1886
360,1887
360,1888
360,1889
360,1890
360,1891
360,1892
360,1893
360,1894
360,1895
360,1896
360,1897
360,1898
360,1899
360,1900
360,1901
360,1902
360,1903
360,1904
360,1905
360,1906
360,1907
360,1908
360,1909
360,1910
360,1911
360,1912
360,1913
360,1914
360,1915
360,1916
360,1917
360,1918
360,1919
360,1920
360,1921
360,1922
360,1923
360,1924
360,1925
360,1926
360,1927
360,1928
360,1929
360,1930
360,1931
360,1932
360,1933
360,1934
360,1935
360,1936
360,1937
360,1938
360,1939
360,1940
360,1941
360,1942
360,1943
360,1944
360,1945
360,1946
360,1947
360,1948
360,1949
360,1950
360,1951
360,1952
360,1953
360,1954
360,1955
360,1956
360,1957
360,1958
360,1959
360,1960
360,1961
360,1962
360,1963
360,1964
360,1965
360,1966
360,1967
360,1968
360,1969
360,1970
360,1971
360,1972
360,1973
360,1974
360,1975
360,1976
360,1977
360,1978
360,1979
360,1980
360,1981
360,1982
360,1983
360,1984
360,1985
360,1986
360,1987
360,1988
360,1989
360,1990
360,1991
360,1992
360,1993
360,1994
360,1995
360,1996
360,1997
360,1998
360,1999
360,2000
360,2001
360,2002
360,2003
360,2004
360,2005
360,2006
360,2007
360,2008
360,2009
360,2010
360,2011
360,2012
360,2013
360,2014
360,2015
360,2016
360,2017
360,2018
360,2019
360,2020
360,2021
360,2022
360,2023
360,2024
365,1816
365,1817
365,1818
365,1819
365,1820
365,1821
365,1822
365,1823
365,1824
365,1825
365,1826
365,1827
365,1828
365,1829
365,1830
365,1831
365,1832
365,1833
365,1834
365,1835
365,1836
365,1837
365,1838
365,1839
365,1840
365,1841
365,1842
365,1843
365,1844
365,1845
365,1846
365,1847
365,1848
365,1849
365,1850
365,1851
365,1852
365,1853
365,1854
365,1855
365,1856
365,1857
365,1858
365,1859
365,1860
365,1861
365,1862
365,1863
365,1864
365,1865
365,1866
365,1867
365,1868
365,1869
365,1870
365,1871
365,1872
365,1873
365,1874
365,1875
365,1876
365,1877
365,1878
365,1879
365,1880
365,1881
365,1882
365,1883
365,1884
365,1885
365,1886
365,1887
365,1888
365,1889
365,1890
365,1891
365,1892
365,1893
365,1894
365,1895
365,1896
365,1897
365,1898
365,1899
365,1900
365,1901
365,1902
365,1903
365,1904
365,1905
365,1906
365,1907
365,1908
365,1909
365,1910
365,1911
365,1912
365,1913
365,1914
365,1915
365,1916
365,1917
365,1918
365,1919
365,1920
365,1921
365,1922
365,1923
365,1924
365,1925
365,1926
365,1927
365,1928
365,1929
365,1930
365,1931
365,1932
365,1933
365,1934
365,1935
365,1936
365,1937
365,1938
365,1939
365,1940
365,1941
365,1942
365,1943
365,1944
365,1945
365,1946
365,1947
365,1948
365,1949
365,1950
365,1951
365,1952
365,1953
365,1954
365,1955
365,1956
365,1957
365,1958
365,1959
365,1960
365,1961
365,1962
365,1963
365,1964
365,1965
365,1966
365,1967
365,1968
365,1969
365,1970
365,1971
365,1972
365,1973
365,1974
365,1975
365,1976
365,1977
365,1978
365,1979
365,1980
365,1981
365,1982
365,1983
365,1984
365,1985
365,1986
365,1987
365,1988
365,1989
365,1990
365,1991
365,1992
365,1993
365,1994
365,1995
365,1996
365,1997
365,1998
365,1999
365,2000
365,2001
365,2002
365,2003
365,2004
365,2005
365,2006
365,2007
365,2008
365,2009
365,2010
365,2011
365,2012
365,2013
365,2014
365,2015
365,2016
365,2017
365,2018
365,2019
365,2020
365,2021
365,2022
365,2023
365,2024
366,1918
366,1919
366,1920
366,1921
366,1922
366,1923
366,1924
366,1925
366,1926
366,1927
366,1928
366,1929
366,1930
366,1931
366,1932
366,1933
366,1934
366,1935
366,1936
366,1937
366,1938
366,1939
366,1940
366,1991
366,1992
366,1993
366,1994
366,1995
366,1996
366,1997
366,1998
366,1999
366,2000
366,2001
366,2002
366,2003
366,2004
366,2005
366,2006
366,2007
366,2008
366,2009
366,2010
366,2011
366,2012
366,2013
366,2014
366,2015
366,2016
366,2017
366,2018
366,2019
366,2020
366,2021
366,2022
366,2023
366,2024
367,1918
367,1919
367,1920
367,1921
367,1922
367,1923
367,1924
367,1925
367,1926
367,1927
367,1928
367,1929
367,1930
367,1931
367,1932
367,1933
367,1934
367,1935
367,1936
367,1937
367,1938
367,1939
367,1940
367,1991
367,1992
367,1993
367,1994
367,1995
367,1996
367,1997
367,1998
367,1999
367,2000
367,2001
367,2002
367,2003
367,2004
367,2005
367,2006
367,2007
367,2008
367,2009
367,2010
367,2011
367,2012
367,2013
367,2014
367,2015
367,2016
367,2017
367,2018
367,2019
367,2020
367,2021
367,2022
367,2023
367,2024
368,1918
368,1919
368,1920
368,1921
368,1922
368,1923
368,1924
368,1925
368,1926
368,1927
368,1928
368,1929
368,1930
368,1931
368,1932
368,1933
368,1934
368,1935
368,1936
368,1937
368,1938
368,1939
368,1940
368,1991
368,1992
368,1993
368,1994
368,1995
368,1996
368,1997
368,1998
368,1999
368,2000
368,2001
368,2002
368,2003
368,2004
368,2005
368,2006
368,2007
368,2008
368,2009
368,2010
368,2011
368,2012
368,2013
368,2014
368,2015
368,2016
368,2017
368,2018
368,2019
368,2020
368,2021
368,2022
368,2023
368,2024
369,1991
369,1992
369,1993
369,1994
369,1995
369,1996
369,1997
369,1998
369,1999
369,2000
369,2001
369,2002
369,2003
369,2004
369,2005
369,2006
369,2007
369,2008
369,2009
369,2010
369,2011
369,2012
369,2013
369,2014
369,2015
369,2016
369,2017
369,2018
369,2019
369,2020
369,2021
369,2022
369,2023
369,2024
370,1991
370,1992
370,1993
370,1994
370,1995
370,1996
370,1997
370,1998
370,1999
370,2000
370,2001
370,2002
370,2003
370,2004
370,2005
370,2006
370,2007
370,2008
370,2009
370,2010
370,2011
370,2012
370,2013
370,2014
370,2015
370,2016
370,2017
370,2018
370,2019
370,2020
370,2021
370,2022
370,2023
370,2024
371,1991
371,1992
371,1993
371,1994
371,1995
371,1996
371,1997
371,1998
371,1999
371,2000
371,2001
371,2002
371,2003
371,2004
371,2005
371,2006
371,2007
371,2008
371,2009
371,2010
371,2011
371,2012
371,2013
371,2014
371,2015
371,2016
371,2017
371,2018
371,2019
371,2020
371,2021
371,2022
371,2023
371,2024
372,1991
372,1992
372,1993
372,1994
372,1995
372,1996
372,1997
372,1998
372,1999
372,2000
372,2001
372,2002
372,2003
372,2004
372,2005
372,2006
372,2007
372,2008
372,2009
372,2010
372,2011
372,2012
372,2013
372,2014
372,2015
372,2016
372,2017
372,2018
372,2019
372,2020
372,2021
372,2022
372,2023
372,2024
373,1991
373,1992
373,1993
373,1994
373,1995
373,1996
373,1997
373,1998
373,1999
373,2000
373,2001
373,2002
373,2003
373,2004
373,2005
373,2006
373,2007
373,2008
373,2009
373,2010
373,2011
373,2012
373,2013
373,2014
373,2015
373,2016
373,2017
373,2018
373,2019
373,2020
373,2021
373,2022
373,2023
373,2024
375,1917
375,1918
375,1919
375,1920
375,1921
375,1922
375,1923
375,1924
375,1925
375,1926
375,1927
375,1928
375,1929
375,1930
375,1931
375,1932
375,1933
375,1934
375,1935
375,1936
375,1937
375,1938
375,1939
375,1940
375,1941
375,1942
375,1943
375,1944
375,1945
375,1946
375,1947
375,1948
375,1949
375,1950
375,1951
375,1952
375,1953
375,1954
375,1955
375,1956
375,1957
375,1958
375,1959
375,1960
375,1961
375,1962
375,1963
375,1964
375,1965
375,1966
375,1967
375,1968
375,1969
375,1970
375,1971
375,1972
375,1973
375,1974
375,1975
375,1976
375,1977
375,1978
375,1979
375,1980
375,1981
375,1982
375,1983
375,1984
375,1985
375,1986
375,1987
375,1988
375,1989
375,1990
375,1991
375,1992
375,1993
375,1994
375,1995
375,1996
375,1997
375,1998
375,1999
375,2000
375,2001
375,2002
375,2003
375,2004
375,2005
375,2006
375,2007
375,2008
375,2009
375,2010
375,2011
375,2012
375,2013
375,2014
375,2015
375,2016
375,2017
375,2018
375,2019
375,2020
375,2021
375,2022
375,2023
375,2024
380,1816
380,1817
380,1818
380,1819
380,1820
380,1821
380,1822
380,1823
380,1824
380,1825
380,1826
380,1827
380,1828
380,1829
380,1830
380,1831
380,1832
380,1833
380,1834
380,1835
380,1836
380,1837
380,1838
380,1839
380,1840
380,1841
380,1842
380,1843
380,1844
380,1845
380,1846
380,1847
380,1848
380,1849
380,1850
380,1851
380,1852
380,1853
380,1854
380,1855
380,1856
380,1857
380,1858
380,1859
380,1860
380,1861
380,1862
380,1863
380,1864
380,1865
380,1866
380,1867
380,1868
380,1869
380,1870
380,1871
380,1872
380,1873
380,1874
380,1875
380,1876
380,1877
380,1878
380,1879
380,1880
380,1881
380,1882
380,1883
380,1884
380,1885
380,1886
380,1887
380,1888
380,1889
380,1890
380,1891
380,1892
380,1893
380,1894
380,1895
380,1896
380,1897
380,1898
380,1899
380,1900
380,1901
380,1902
380,1903
380,1904
380,1905
380,1906
380,1907
380,1908
380,1909
380,1910
380,1911
380,1912
380,1913
380,1914
380,1915
380,1916
380,1917
380,1918
380,1919
380,1920
380,1921
380,1922
380,1923
380,1924
380,1925
380,1926
380,1927
380,1928
380,1929
380,1930
380,1931
380,1932
380,1933
380,1934
380,1935
380,1936
380,1937
380,1938
380,1939
380,1940
380,1941
380,1942
380,1943
380,1944
380,1945
380,1946
380,1947
380,1948
380,1949
380,1950
380,1951
380,1952
380,1953
380,1954
380,1955
380,1956
380,1957
380,1958
380,1959
380,1960
380,1961
380,1962
380,1963
380,1964
380,1965
380,1966
380,1967
380,1968
380,1969
380,1970
380,1971
380,1972
380,1973
380,1974
380,1975
380,1976
380,1977
380,1978
380,1979
380,1980
380,1981
380,1982
380,1983
380,1984
380,1985
380,1986
380,1987
380,1988
380,1989
380,1990
380,1991
380,1992
380,1993
380,1994
380,1995
380,1996
380,1997
380,1998
380,1999
380,2000
380,2001
380,2002
380,2003
380,2004
380,2005
380,2006
380,2007
380,2008
380,2009
380,2010
380,2011
380,2012
380,2013
380,2014
380,2015
380,2016
380,2017
380,2018
380,2019
380,2020
380,2021
380,2022
380,2023
380,2024
385,1905
385,1906
385,1907
385,1908
385,1909
385,1910
385,1911
385,1912
385,1913
385,1914
385,1915
385,1916
385,1917
385,1918
385,1919
385,1920
385,1921
385,1922
385,1923
385,1924
385,1925
385,1926
385,1927
385,1928
385,1929
385,1930
385,1931
385,1932
385,1933
385,1934
385,1935
385,1936
385,1937
385,1938
385,1939
385,1940
385,1945
385,1946
385,1947
385,1948
385,1949
385,1950
385,1951
385,1952
385,1953
385,1954
385,1955
385,1956
385,1957
385,1958
385,1959
385,1960
385,1961
385,1962
385,1963
385,1964
385,1965
385,1966
385,1967
385,1968
385,1969
385,1970
385,1971
385,1972
385,1973
385,1974
385,1975
385,1976
385,1977
385,1978
385,1979
385,1980
385,1981
385,1982
385,1983
385,1984
385,1985
385,1986
385,1987
385,1988
385,1989
385,1990
385,1991
385,1992
385,1993
385,1994
385,1995
385,1996
385,1997
385,1998
385,1999
385,2000
385,2001
385,2002
385,2003
385,2004
385,2005
385,2006
385,2007
385,2008
385,2009
385,2010
385,2011
385,2012
385,2013
385,2014
385,2015
385,2016
385,2017
385,2018
385,2019
385,2020
385,2021
385,2022
385,2023
385,2024
390,1816
390,1817
390,1818
390,1819
390,1820
390,1821
390,1822
390,1823
390,1824
390,1825
390,1826
390,1827
390,1828
390,1829
390,1830
390,1831
390,1832
390,1833
390,1834
390,1835
390,1836
390,1837
390,1838
390,1839
390,1840
390,1841
390,1842
390,1843
390,1844
390,1845
390,1846
390,1847
390,1848
390,1849
390,1850
390,1851
390,1852
390,1853
390,1854
390,1855
390,1856
390,1857
390,1858
390,1859
390,1860
390,1861
390,1862
390,1863
390,1864
390,1865
390,1866
390,1867
390,1868
390,1869
390,1870
390,1871
390,1872
390,1873
390,1874
390,1875
390,1876
390,1877
390,1878
390,1879
390,1880
390,1881
390,1882
390,1883
390,1884
390,1885
390,1886
390,1887
390,1888
390,1889
390,1890
390,1891
390,1892
390,1893
390,1894
390,1895
390,1896
390,1897
390,1898
390,1899
390,1900
390,1901
390,1902
390,1903
390,1904
390,1905
390,1906
390,1907
390,1908
390,1909
390,1910
390,1911
390,1912
390,1913
390,1914
390,1915
390,1916
390,1917
390,1918
390,1919
390,1920
390,1921
390,1922
390,1923
390,1924
390,1925
390,1926
390,1927
390,1928
390,1929
390,1930
390,1931
390,1932
390,1933
390,1934
390,1935
390,1936
390,1937
390,1938
390,1939
390,1940
390,1945
390,1946
390,1947
390,1948
390,1949
390,1950
390,1951
390,1952
390,1953
390,1954
390,1955
390,1956
390,1957
390,1958
390,1959
390,1960
390,1961
390,1962
390,1963
390,1964
390,1965
390,1966
390,1967
390,1968
390,1969
390,1970
390,1971
390,1972
390,1973
390,1974
390,1975
390,1976
390,1977
390,1978
390,1979
390,1980
390,1981
390,1982
390,1983
390,1984
390,1985
390,1986
390,1987
390,1988
390,1989
390,1990
390,1991
390,1992
390,1993
390,1994
390,1995
390,1996
390,1997
390,1998
390,1999
390,2000
390,2001
390,2002
390,2003
390,2004
390,2005
390,2006
390,2007
390,2008
390,2009
390,2010
390,2011
390,2012
390,2013
390,2014
390,2015
390,2016
390,2017
390,2018
390,2019
390,2020
390,2021
390,2022
390,2023
390,2024
395,1944
395,1945
395,1946
395,1947
395,1948
395,1949
395,1950
395,1951
395,1952
395,1953
395,1954
395,1955
395,1956
395,1957
395,1958
395,1959
395,1960
395,1961
395,1962
395,1963
395,1964
395,1965
395,1966
395,1967
395,1968
395,1969
395,1970
395,1971
395,1972
395,1973
395,1974
395,1975
395,1976
395,1977
395,1978
395,1979
395,1980
395,1981
395,1982
395,1983
395,1984
395,1985
395,1986
395,1987
395,1988
395,1989
395,1990
395,1991
395,1992
395,1993
395,1994
395,1995
395,1996
395,1997
395,1998
395,1999
395,2000
395,2001
395,2002
395,2003
395,2004
395,2005
395,2006
395,2007
395,2008
395,2009
395,2010
395,2011
395,2012
395,2013
395,2014
395,2015
395,2016
395,2017
395,2018
395,2019
395,2020
395,2021
395,2022
395,2023
395,2024
402,1975
402,1976
402,1977
402,1978
402,1979
402,1980
402,1981
402,1982
402,1983
402,1984
402,1985
402,1986
402,1987
402,1988
402,1989
402,1990
402,1991
402,1992
402,1993
402,1994
402,1995
402,1996
402,1997
402,1998
402,1999
402,2000
402,2001
402,2002
402,2003
402,2004
402,2005
402,2006
402,2007
402,2008
402,2009
402,2010
402,2011
402,2012
402,2013
402,2014
402,2015
402,2016
402,2017
402,2018
402,2019
402,2020
402,2021
402,2022
402,2023
402,2024
403,1975
403,1976
403,1977
403,1978
403,1979
403,1980
403,1981
403,1982
403,1983
403,1984
403,1985
403,1986
403,1987
403,1988
403,1989
403,1990
403,1991
403,1992
403,1993
403,1994
403,1995
403,1996
403,1997
403,1998
403,1999
403,2000
403,2001
403,2002
403,2003
403,2004
403,2005
403,2006
403,2007
403,2008
403,2009
403,2010
403,2011
403,2012
403,2013
403,2014
403,2015
403,2016
403,2017
403,2018
403,2019
403,2020
403,2021
403,2022
403,2023
403,2024
404,1974
404,1975
404,1976
404,1977
404,1978
404,1979
404,1980
404,1981
404,1982
404,1983
404,1984
404,1985
404,1986
404,1987
404,1988
404,1989
404,1990
404,1991
404,1992
404,1993
404,1994
404,1995
404,1996
404,1997
404,1998
404,1999
404,2000
404,2001
404,2002
404,2003
404,2004
404,2005
404,2006
404,2007
404,2008
404,2009
404,2010
404,2011
404,2012
404,2013
404,2014
404,2015
404,2016
404,2017
404,2018
404,2019
404,2020
404,2021
404,2022
404,2023
404,2024
411,1968
411,1969
411,1970
411,1971
411,1972
411,1973
411,1974
411,1975
411,1976
411,1977
411,1978
411,1979
411,1980
411,1981
411,1982
411,1983
411,1984
411,1985
411,1986
411,1987
411,1988
411,1989
411,1990
411,1991
411,1992
411,1993
411,1994
411,1995
411,1996
411,1997
411,1998
411,1999
411,2000
411,2001
411,2002
411,2003
411,2004
411,2005
411,2006
411,2007
411,2008
411,2009
411,2010
411,2011
411,2012
411,2013
411,2014
411,2015
411,2016
411,2017
411,2018
411,2019
411,2020
411,2021
411,2022
411,2023
411,2024
420,1965
420,1966
420,1967
420,1968
420,1969
420,1970
420,1971
420,1972
420,1973
420,1974
420,1975
420,1976
420,1977
420,1978
420,1979
420,1980
420,1981
420,1982
420,1983
420,1984
420,1985
420,1986
420,1987
420,1988
420,1989
420,1990
420,1991
420,1992
420,1993
420,1994
420,1995
420,1996
420,1997
420,1998
420,1999
420,2000
420,2001
420,2002
420,2003
420,2004
420,2005
420,2006
420,2007
420,2008
420,2009
420,2010
420,2011
420,2012
420,2013
420,2014
420,2015
420,2016
420,2017
420,2018
420,2019
420,2020
420,2021
420,2022
420,2023
420,2024
432,1960
432,1961
432,1962
432,1963
432,1964
432,1965
432,1966
432,1967
432,1968
432,1969
432,1970
432,1971
432,1972
432,1973
432,1974
432,1975
432,1976
432,1977
432,1978
432,1979
432,1980
432,1981
432,1982
432,1983
432,1984
432,1985
432,1986
432,1987
432,1988
432,1989
432,1990
432,1991
432,1992
432,1993
432,1994
432,1995
432,1996
432,1997
432,1998
432,1999
432,2000
432,2001
432,2002
432,2003
432,2004
432,2005
432,2006
432,2007
432,2008
432,2009
432,2010
432,2011
432,2012
432,2013
432,2014
432,2015
432,2016
432,2017
432,2018
432,2019
432,2020
432,2021
432,2022
432,2023
432,2024
433,1960
433,1961
433,1962
433,1963
433,1964
433,1965
433,1966
433,1967
433,1968
433,1969
433,1970
433,1971
433,1972
433,1973
433,1974
433,1975
433,1976
433,1977
433,1978
433,1979
433,1980
433,1981
433,1982
433,1983
433,1984
433,1985
433,1986
433,1987
433,1988
433,1989
433,1990
433,1991
433,1992
433,1993
433,1994
433,1995
433,1996
433,1997
433,1998
433,1999
433,2000
433,2001
433,2002
433,2003
433,2004
433,2005
433,2006
433,2007
433,2008
433,2009
433,2010
433,2011
433,2012
433,2013
433,2014
433,2015
433,2016
433,2017
433,2018
433,2019
433,2020
433,2021
433,2022
433,2023
433,2024
434,1960
434,1961
434,1962
434,1963
434,1964
434,1965
434,1966
434,1967
434,1968
434,1969
434,1970
434,1971
434,1972
434,1973
434,1974
434,1975
434,1976
434,1977
434,1978
434,1979
434,1980
434,1981
434,1982
434,1983
434,1984
434,1985
434,1986
434,1987
434,1988
434,1989
434,1990
434,1991
434,1992
434,1993
434,1994
434,1995
434,1996
434,1997
434,1998
434,1999
434,2000
434,2001
434,2002
434,2003
434,2004
434,2005
434,2006
434,2007
434,2008
434,2009
434,2010
434,2011
434,2012
434,2013
434,2014
434,2015
434,2016
434,2017
434,2018
434,2019
434,2020
434,2021
434,2022
434,2023
434,2024
435,1960
435,1961
435,1962
435,1963
435,1964
435,1965
435,1966
435,1967
435,1968
435,1969
435,1970
435,1971
435,1972
435,1973
435,1974
435,1975
435,1976
435,1977
435,1978
435,1979
435,1980
435,1981
435,1982
435,1983
435,1984
435,1985
435,1986
435,1987
435,1988
435,1989
435,1990
435,1991
435,1992
435,1993
435,1994
435,1995
435,1996
435,1997
435,1998
435,1999
435,2000
435,2001
435,2002
435,2003
435,2004
435,2005
435,2006
435,2007
435,2008
435,2009
435,2010
435,2011
435,2012
435,2013
435,2014
435,2015
435,2016
435,2017
435,2018
435,2019
435,2020
435,2021
435,2022
435,2023
435,2024
436,1960
436,1961
436,1962
436,1963
436,1964
436,1965
436,1966
436,1967
436,1968
436,1969
436,1970
436,1971
436,1972
436,1973
436,1974
436,1975
436,1976
436,1977
436,1978
436,1979
436,1980
436,1981
436,1982
436,1983
436,1984
436,1985
436,1986
436,1987
436,1988
436,1989
436,1990
436,1991
436,1992
436,1993
436,1994
436,1995
436,1996
436,1997
436,1998
436,1999
436,2000
436,2001
436,2002
436,2003
436,2004
436,2005
436,2006
436,2007
436,2008
436,2009
436,2010
436,2011
436,2012
436,2013
436,2014
436,2015
436,2016
436,2017
436,2018
436,2019
436,2020
436,2021
436,2022
436,2023
436,2024
437,1960
437,1961
437,1962
437,1963
437,1964
437,1965
437,1966
437,1967
437,1968
437,1969
437,1970
437,1971
437,1972
437,1973
437,1974
437,1975
437,1976
437,1977
437,1978
437,1979
437,1980
437,1981
437,1982
437,1983
437,1984
437,1985
437,1986
437,1987
437,1988
437,1989
437,1990
437,1991
437,1992
437,1993
437,1994
437,1995
437,1996
437,1997
437,1998
437,1999
437,2000
437,2001
437,2002
437,2003
437,2004
437,2005
437,2006
437,2007
437,2008
437,2009
437,2010
437,2011
437,2012
437,2013
437,2014
437,2015
437,2016
437,2017
437,2018
437,2019
437,2020
437,2021
437,2022
437,2023
437,2024
438,1958
438,1959
438,1960
438,1961
438,1962
438,1963
438,1964
438,1965
438,1966
438,1967
438,1968
438,1969
438,1970
438,1971
438,1972
438,1973
438,1974
438,1975
438,1976
438,1977
438,1978
438,1979
438,1980
438,1981
438,1982
438,1983
438,1984
438,1985
438,1986
438,1987
438,1988
438,1989
438,1990
438,1991
438,1992
438,1993
438,1994
438,1995
438,1996
438,1997
438,1998
438,1999
438,2000
438,2001
438,2002
438,2003
438,2004
438,2005
438,2006
438,2007
438,2008
438,2009
438,2010
438,2011
438,2012
438,2013
438,2014
438,2015
438,2016
438,2017
438,2018
438,2019
438,2020
438,2021
438,2022
438,2023
438,2024
439,1960
439,1961
439,1962
439,1963
439,1964
439,1965
439,1966
439,1967
439,1968
439,1969
439,1970
439,1971
439,1972
439,1973
439,1974
439,1975
439,1976
439,1977
439,1978
439,1979
439,1980
439,1981
439,1982
439,1983
439,1984
439,1985
439,1986
439,1987
439,1988
439,1989
439,1990
439,1991
439,1992
439,1993
439,1994
439,1995
439,1996
439,1997
439,1998
439,1999
439,2000
439,2001
439,2002
439,2003
439,2004
439,2005
439,2006
439,2007
439,2008
439,2009
439,2010
439,2011
439,2012
439,2013
439,2014
439,2015
439,2016
439,2017
439,2018
439,2019
439,2020
439,2021
439,2022
439,2023
439,2024
450,1920
450,1921
450,1922
450,1923
450,1924
450,1925
450,1926
450,1927
450,1928
450,1929
450,1930
450,1931
450,1932
450,1933
450,1934
450,1935
450,1936
450,1937
450,1938
450,1939
450,1940
450,1941
450,1942
450,1943
450,1944
450,1945
450,1946
450,1947
450,1948
450,1949
450,1950
450,1951
450,1952
450,1953
450,1954
450,1955
450,1956
450,1957
450,1958
450,1959
450,1960
450,1961
450,1962
450,1963
450,1964
450,1965
450,1966
450,1967
450,1968
450,1969
450,1970
450,1971
450,1972
450,1973
450,1974
450,1975
450,1976
450,1977
450,1978
450,1979
450,1980
450,1981
450,1982
450,1983
450,1984
450,1985
450,1986
450,1987
450,1988
450,1989
450,1990
450,1991
450,1992
450,1993
450,1994
450,1995
450,1996
450,1997
450,1998
450,1999
450,2000
450,2001
450,2002
450,2003
450,2004
450,2005
450,2006
450,2007
450,2008
450,2009
450,2010
450,2011
450,2012
450,2013
450,2014
450,2015
450,2016
450,2017
450,2018
450,2019
450,2020
450,2021
450,2022
450,2023
450,2024
451,1961
451,1962
451,1963
451,1964
451,1965
451,1966
451,1967
451,1968
451,1969
451,1970
451,1971
451,1972
451,1973
451,1974
451,1975
451,1976
451,1977
451,1978
451,1979
451,1980
451,1981
451,1982
451,1983
451,1984
451,1985
451,1986
451,1987
451,1988
451,1989
451,1990
451,1991
451,1992
451,1993
451,1994
451,1995
451,1996
451,1997
451,1998
451,1999
451,2000
451,2001
451,2002
451,2003
451,2004
451,2005
451,2006
451,2007
451,2008
451,2009
451,2010
451,2011
451,2012
451,2013
451,2014
451,2015
451,2016
451,2017
451,2018
451,2019
451,2020
451,2021
451,2022
451,2023
451,2024
452,1957
452,1958
452,1959
452,1960
452,1961
452,1962
452,1963
452,1964
452,1965
452,1966
452,1967
452,1968
452,1969
452,1970
452,1971
452,1972
452,1973
452,1974
452,1975
452,1976
452,1977
452,1978
452,1979
452,1980
452,1981
452,1982
452,1983
452,1984
452,1985
452,1986
452,1987
452,1988
452,1989
452,1990
452,1991
452,1992
452,1993
452,1994
452,1995
452,1996
452,1997
452,1998
452,1999
452,2000
452,2001
452,2002
452,2003
452,2004
452,2005
452,2006
452,2007
452,2008
452,2009
452,2010
452,2011
452,2012
452,2013
452,2014
452,2015
452,2016
452,2017
452,2018
452,2019
452,2020
452,2021
452,2022
452,2023
452,2024
461,1960
461,1961
461,1962
461,1963
461,1964
461,1965
461,1966
461,1967
461,1968
461,1969
461,1970
461,1971
461,1972
461,1973
461,1974
461,1975
461,1976
461,1977
461,1978
461,1979
461,1980
461,1981
461,1982
461,1983
461,1984
461,1985
461,1986
461,1987
461,1988
461,1989
461,1990
461,1991
461,1992
461,1993
461,1994
461,1995
461,1996
461,1997
461,1998
461,1999
461,2000
461,2001
461,2002
461,2003
461,2004
461,2005
461,2006
461,2007
461,2008
461,2009
461,2010
461,2011
461,2012
461,2013
461,2014
461,2015
461,2016
461,2017
461,2018
461,2019
461,2020
461,2021
461,2022
461,2023
461,2024
471,1960
471,1961
471,1962
471,1963
471,1964
471,1965
471,1966
471,1967
471,1968
471,1969
471,1970
471,1971
471,1972
471,1973
471,1974
471,1975
471,1976
471,1977
471,1978
471,1979
471,1980
471,1981
471,1982
471,1983
471,1984
471,1985
471,1986
471,1987
471,1988
471,1989
471,1990
471,1991
471,1992
471,1993
471,1994
471,1995
471,1996
471,1997
471,1998
471,1999
471,2000
471,2001
471,2002
471,2003
471,2004
471,2005
471,2006
471,2007
471,2008
471,2009
471,2010
471,2011
471,2012
471,2013
471,2014
471,2015
471,2016
471,2017
471,2018
471,2019
471,2020
471,2021
471,2022
471,2023
471,2024
475,1960
475,1961
475,1962
475,1963
475,1964
475,1965
475,1966
475,1967
475,1968
475,1969
475,1970
475,1971
475,1972
475,1973
475,1974
475,1975
475,1976
475,1977
475,1978
475,1979
475,1980
475,1981
475,1982
475,1983
475,1984
475,1985
475,1986
475,1987
475,1988
475,1989
475,1990
475,1991
475,1992
475,1993
475,1994
475,1995
475,1996
475,1997
475,1998
475,1999
475,2000
475,2001
475,2002
475,2003
475,2004
475,2005
475,2006
475,2007
475,2008
475,2009
475,2010
475,2011
475,2012
475,2013
475,2014
475,2015
475,2016
475,2017
475,2018
475,2019
475,2020
475,2021
475,2022
475,2023
475,2024
481,1960
481,1961
481,1962
481,1963
481,1964
481,1965
481,1966
481,1967
481,1968
481,1969
481,1970
481,1971
481,1972
481,1973
481,1974
481,1975
481,1976
481,1977
481,1978
481,1979
481,1980
481,1981
481,1982
481,1983
481,1984
481,1985
481,1986
481,1987
481,1988
481,1989
481,1990
481,1991
481,1992
481,1993
481,1994
481,1995
481,1996
481,1997
481,1998
481,1999
481,2000
481,2001
481,2002
481,2003
481,2004
481,2005
481,2006
481,2007
481,2008
481,2009
481,2010
481,2011
481,2012
481,2013
481,2014
481,2015
481,2016
481,2017
481,2018
481,2019
481,2020
481,2021
481,2022
481,2023
481,2024
482,1960
482,1961
482,1962
482,1963
482,1964
482,1965
482,1966
482,1967
482,1968
482,1969
482,1970
482,1971
482,1972
482,1973
482,1974
482,1975
482,1976
482,1977
482,1978
482,1979
482,1980
482,1981
482,1982
482,1983
482,1984
482,1985
482,1986
482,1987
482,1988
482,1989
482,1990
482,1991
482,1992
482,1993
482,1994
482,1995
482,1996
482,1997
482,1998
482,1999
482,2000
482,2001
482,2002
482,2003
482,2004
482,2005
482,2006
482,2007
482,2008
482,2009
482,2010
482,2011
482,2012
482,2013
482,2014
482,2015
482,2016
482,2017
482,2018
482,2019
482,2020
482,2021
482,2022
482,2023
482,2024
483,1960
483,1961
483,1962
483,1963
483,1964
483,1965
483,1966
483,1967
483,1968
483,1969
483,1970
483,1971
483,1972
483,1973
483,1974
483,1975
483,1976
483,1977
483,1978
483,1979
483,1980
483,1981
483,1982
483,1983
483,1984
483,1985
483,1986
483,1987
483,1988
483,1989
483,1990
483,1991
483,1992
483,1993
483,1994
483,1995
483,1996
483,1997
483,1998
483,1999
483,2000
483,2001
483,2002
483,2003
483,2004
483,2005
483,2006
483,2007
483,2008
483,2009
483,2010
483,2011
483,2012
483,2013
483,2014
483,2015
483,2016
483,2017
483,2018
483,2019
483,2020
483,2021
483,2022
483,2023
483,2024
484,1960
484,1961
484,1962
484,1963
484,1964
484,1965
484,1966
484,1967
484,1968
484,1969
484,1970
484,1971
484,1972
484,1973
484,1974
484,1975
484,1976
484,1977
484,1978
484,1979
484,1980
484,1981
484,1982
484,1983
484,1984
484,1985
484,1986
484,1987
484,1988
484,1989
484,1990
484,1991
484,1992
484,1993
484,1994
484,1995
484,1996
484,1997
484,1998
484,1999
484,2000
484,2001
484,2002
484,2003
484,2004
484,2005
484,2006
484,2007
484,2008
484,2009
484,2010
484,2011
484,2012
484,2013
484,2014
484,2015
484,2016
484,2017
484,2018
484,2019
484,2020
484,2021
484,2022
484,2023
484,2024
490,1960
490,1961
490,1962
490,1963
490,1964
490,1965
490,1966
490,1967
490,1968
490,1969
490,1970
490,1971
490,1972
490,1973
490,1974
490,1975
490,1976
490,1977
490,1978
490,1979
490,1980
490,1981
490,1982
490,1983
490,1984
490,1985
490,1986
490,1987
490,1988
490,1989
490,1990
490,1991
490,1992
490,1993
490,1994
490,1995
490,1996
490,1997
490,1998
490,1999
490,2000
490,2001
490,2002
490,2003
490,2004
490,2005
490,2006
490,2007
490,2008
490,2009
490,2010
490,2011
490,2012
490,2013
490,2014
490,2015
490,2016
490,2017
490,2018
490,2019
490,2020
490,2021
490,2022
490,2023
490,2024
500,1962
500,1963
500,1964
500,1965
500,1966
500,1967
500,1968
500,1969
500,1970
500,1971
500,1972
500,1973
500,1974
500,1975
500,1976
500,1977
500,1978
500,1979
500,1980
500,1981
500,1982
500,1983
500,1984
500,1985
500,1986
500,1987
500,1988
500,1989
500,1990
500,1991
500,1992
500,1993
500,1994
500,1995
500,1996
500,1997
500,1998
500,1999
500,2000
500,2001
500,2002
500,2003
500,2004
500,2005
500,2006
500,2007
500,2008
500,2009
500,2010
500,2011
500,2012
500,2013
500,2014
500,2015
500,2016
500,2017
500,2018
500,2019
500,2020
500,2021
500,2022
500,2023
500,2024
501,1963
501,1964
501,1965
501,1966
501,1967
501,1968
501,1969
501,1970
501,1971
501,1972
501,1973
501,1974
501,1975
501,1976
501,1977
501,1978
501,1979
501,1980
501,1981
501,1982
501,1983
501,1984
501,1985
501,1986
501,1987
501,1988
501,1989
501,1990
501,1991
501,1992
501,1993
501,1994
501,1995
501,1996
501,1997
501,1998
501,1999
501,2000
501,2001
501,2002
501,2003
501,2004
501,2005
501,2006
501,2007
501,2008
501,2009
501,2010
501,2011
501,2012
501,2013
501,2014
501,2015
501,2016
501,2017
501,2018
501,2019
501,2020
501,2021
501,2022
501,2023
501,2024
510,1961
510,1962
510,1963
510,1964
510,1965
510,1966
510,1967
510,1968
510,1969
510,1970
510,1971
510,1972
510,1973
510,1974
510,1975
510,1976
510,1977
510,1978
510,1979
510,1980
510,1981
510,1982
510,1983
510,1984
510,1985
510,1986
510,1987
510,1988
510,1989
510,1990
510,1991
510,1992
510,1993
510,1994
510,1995
510,1996
510,1997
510,1998
510,1999
510,2000
510,2001
510,2002
510,2003
510,2004
510,2005
510,2006
510,2007
510,2008
510,2009
510,2010
510,2011
510,2012
510,2013
510,2014
510,2015
510,2016
510,2017
510,2018
510,2019
510,2020
510,2021
510,2022
510,2023
510,2024
511,1963
511,1964
516,1962
516,1963
516,1964
516,1965
516,1966
516,1967
516,1968
516,1969
516,1970
516,1971
516,1972
516,1973
516,1974
516,1975
516,1976
516,1977
516,1978
516,1979
516,1980
516,1981
516,1982
516,1983
516,1984
516,1985
516,1986
516,1987
516,1988
516,1989
516,1990
516,1991
516,1992
516,1993
516,1994
516,1995
516,1996
516,1997
516,1998
516,1999
516,2000
516,2001
516,2002
516,2003
516,2004
516,2005
516,2006
516,2007
516,2008
516,2009
516,2010
516,2011
516,2012
516,2013
516,2014
516,2015
516,2016
516,2017
516,2018
516,2019
516,2020
516,2021
516,2022
516,2023
516,2024
517,1962
517,1963
517,1964
517,1965
517,1966
517,1967
517,1968
517,1969
517,1970
517,1971
517,1972
517,1973
517,1974
517,1975
517,1976
517,1977
517,1978
517,1979
517,1980
517,1981
517,1982
517,1983
517,1984
517,1985
517,1986
517,1987
517,1988
517,1989
517,1990
517,1991
517,1992
517,1993
517,1994
517,1995
517,1996
517,1997
517,1998
517,1999
517,2000
517,2001
517,2002
517,2003
517,2004
517,2005
517,2006
517,2007
517,2008
517,2009
517,2010
517,2011
517,2012
517,2013
517,2014
517,2015
517,2016
517,2017
517,2018
517,2019
517,2020
517,2021
517,2022
517,2023
517,2024
520,1960
520,1961
520,1962
520,1963
520,1964
520,1965
520,1966
520,1967
520,1968
520,1969
520,1970
520,1971
520,1972
520,1973
520,1974
520,1975
520,1976
520,1977
520,1978
520,1979
520,1980
520,1981
520,1982
520,1983
520,1984
520,1985
520,1986
520,1987
520,1988
520,1989
520,1990
520,1991
520,1992
520,1993
520,1994
520,1995
520,1996
520,1997
520,1998
520,1999
520,2000
520,2001
520,2002
520,2003
520,2004
520,2005
520,2006
520,2007
520,2008
520,2009
520,2010
520,2011
520,2012
520,2013
520,2014
520,2015
520,2016
520,2017
520,2018
520,2019
520,2020
520,2021
520,2022
520,2023
520,2024
522,1977
522,1978
522,1979
522,1980
522,1981
522,1982
522,1983
522,1984
522,1985
522,1986
522,1987
522,1988
522,1989
522,1990
522,1991
522,1992
522,1993
522,1994
522,1995
522,1996
522,1997
522,1998
522,1999
522,2000
522,2001
522,2002
522,2003
522,2004
522,2005
522,2006
522,2007
522,2008
522,2009
522,2010
522,2011
522,2012
522,2013
522,2014
522,2015
522,2016
522,2017
522,2018
522,2019
522,2020
522,2021
522,2022
522,2023
522,2024
530,1898
530,1899
530,1900
530,1901
530,1902
530,1903
530,1904
530,1905
530,1906
530,1907
530,1908
530,1909
530,1910
530,1911
530,1912
530,1913
530,1914
530,1915
530,1916
530,1917
530,1918
530,1919
530,1920
530,1921
530,1922
530,1923
530,1924
530,1925
530,1926
530,1927
530,1928
530,1929
530,1930
530,1931
530,1932
530,1933
530,1934
530,1935
530,1936
530,1941
530,1942
530,1943
530,1944
530,1945
530,1946
530,1947
530,1948
530,1949
530,1950
530,1951
530,1952
530,1953
530,1954
530,1955
530,1956
530,1957
530,1958
530,1959
530,1960
530,1961
530,1962
530,1963
530,1964
530,1965
530,1966
530,1967
530,1968
530,1969
530,1970
530,1971
530,1972
530,1973
530,1974
530,1975
530,1976
530,1977
530,1978
530,1979
530,1980
530,1981
530,1982
530,1983
530,1984
530,1985
530,1986
530,1987
530,1988
530,1989
530,1990
530,1991
530,1992
530,1993
530,1994
530,1995
530,1996
530,1997
530,1998
530,1999
530,2000
530,2001
530,2002
530,2003
530,2004
530,2005
530,2006
530,2007
530,2008
530,2009
530,2010
530,2011
530,2012
530,2013
530,2014
530,2015
530,2016
530,2017
530,2018
530,2019
530,2020
530,2021
530,2022
530,2023
530,2024
531,1993
531,1994
531,1995
531,1996
531,1997
531,1998
531,1999
531,2000
531,2001
531,2002
531,2003
531,2004
531,2005
531,2006
531,2007
531,2008
531,2009
531,2010
531,2011
531,2012
531,2013
531,2014
531,2015
531,2016
531,2017
531,2018
531,2019
531,2020
531,2021
531,2022
531,2023
531,2024
540,1975
540,1976
540,1977
540,1978
540,1979
540,1980
540,1981
540,1982
540,1983
540,1984
540,1985
540,1986
540,1987
540,1988
540,1989
540,1990
540,1991
540,1992
540,1993
540,1994
540,1995
540,1996
540,1997
540,1998
540,1999
540,2000
540,2001
540,2002
540,2003
540,2004
540,2005
540,2006
540,2007
540,2008
540,2009
540,2010
540,2011
540,2012
540,2013
540,2014
540,2015
540,2016
540,2017
540,2018
540,2019
540,2020
540,2021
540,2022
540,2023
540,2024
541,1975
541,1976
541,1977
541,1978
541,1979
541,1980
541,1981
541,1982
541,1983
541,1984
541,1985
541,1986
541,1987
541,1988
541,1989
541,1990
541,1991
541,1992
541,1993
541,1994
541,1995
541,1996
541,1997
541,1998
541,1999
541,2000
541,2001
541,2002
541,2003
541,2004
541,2005
541,2006
541,2007
541,2008
541,2009
541,2010
541,2011
541,2012
541,2013
541,2014
541,2015
541,2016
541,2017
541,2018
541,2019
541,2020
541,2021
541,2022
541,2023
541,2024
551,1964
551,1965
551,1966
551,1967
551,1968
551,1969
551,1970
551,1971
551,1972
551,1973
551,1974
551,1975
551,1976
551,1977
551,1978
551,1979
551,1980
551,1981
551,1982
551,1983
551,1984
551,1985
551,1986
551,1987
551,1988
551,1989
551,1990
551,1991
551,1992
551,1993
551,1994
551,1995
551,1996
551,1997
551,1998
551,1999
551,2000
551,2001
551,2002
551,2003
551,2004
551,2005
551,2006
551,2007
551,2008
551,2009
551,2010
551,2011
551,2012
551,2013
551,2014
551,2015
551,2016
551,2017
551,2018
551,2019
551,2020
551,2021
551,2022
551,2023
551,2024
552,1965
552,1966
552,1967
552,1968
552,1969
552,1970
552,1971
552,1972
552,1973
552,1974
552,1975
552,1976
552,1977
552,1978
552,1979
552,1980
552,1981
552,1982
552,1983
552,1984
552,1985
552,1986
552,1987
552,1988
552,1989
552,1990
552,1991
552,1992
552,1993
552,1994
552,1995
552,1996
552,1997
552,1998
552,1999
552,2000
552,2001
552,2002
552,2003
552,2004
552,2005
552,2006
552,2007
552,2008
552,2009
552,2010
552,2011
552,2012
552,2013
552,2014
552,2015
552,2016
552,2017
552,2018
552,2019
552,2020
552,2021
552,2022
552,2023
552,2024
553,1964
553,1965
553,1966
553,1967
553,1968
553,1969
553,1970
553,1971
553,1972
553,1973
553,1974
553,1975
553,1976
553,1977
553,1978
553,1979
553,1980
553,1981
553,1982
553,1983
553,1984
553,1985
553,1986
553,1987
553,1988
553,1989
553,1990
553,1991
553,1992
553,1993
553,1994
553,1995
553,1996
553,1997
553,1998
553,1999
553,2000
553,2001
553,2002
553,2003
553,2004
553,2005
553,2006
553,2007
553,2008
553,2009
553,2010
553,2011
553,2012
553,2013
553,2014
553,2015
553,2016
553,2017
553,2018
553,2019
553,2020
553,2021
553,2022
553,2023
553,2024
560,1920
560,1921
560,1922
560,1923
560,1924
560,1925
560,1926
560,1927
560,1928
560,1929
560,1930
560,1931
560,1932
560,1933
560,1934
560,1935
560,1936
560,1937
560,1938
560,1939
560,1940
560,1941
560,1942
560,1943
560,1944
560,1945
560,1946
560,1947
560,1948
560,1949
560,1950
560,1951
560,1952
560,1953
560,1954
560,1955
560,1956
560,1957
560,1958
560,1959
560,1960
560,1961
560,1962
560,1963
560,1964
560,1965
560,1966
560,1967
560,1968
560,1969
560,1970
560,1971
560,1972
560,1973
560,1974
560,1975
560,1976
560,1977
560,1978
560,1979
560,1980
560,1981
560,1982
560,1983
560,1984
560,1985
560,1986
560,1987
560,1988
560,1989
560,1990
560,1991
560,1992
560,1993
560,1994
560,1995
560,1996
560,1997
560,1998
560,1999
560,2000
560,2001
560,2002
560,2003
560,2004
560,2005
560,2006
560,2007
560,2008
560,2009
560,2010
560,2011
560,2012
560,2013
560,2014
560,2015
560,2016
560,2017
560,2018
560,2019
560,2020
560,2021
560,2022
560,2023
560,2024
565,1990
565,1991
565,1992
565,1993
565,1994
565,1995
565,1996
565,1997
565,1998
565,1999
565,2000
565,2001
565,2002
565,2003
565,2004
565,2005
565,2006
565,2007
565,2008
565,2009
565,2010
565,2011
565,2012
565,2013
565,2014
565,2015
565,2016
565,2017
565,2018
565,2019
565,2020
565,2021
565,2022
565,2023
565,2024
570,1966
570,1967
570,1968
570,1969
570,1970
570,1971
570,1972
570,1973
570,1974
570,1975
570,1976
570,1977
570,1978
570,1979
570,1980
570,1981
570,1982
570,1983
570,1984
570,1985
570,1986
570,1987
570,1988
570,1989
570,1990
570,1991
570,1992
570,1993
570,1994
570,1995
570,1996
570,1997
570,1998
570,1999
570,2000
570,2001
570,2002
570,2003
570,2004
570,2005
570,2006
570,2007
570,2008
570,2009
570,2010
570,2011
570,2012
570,2013
570,2014
570,2015
570,2016
570,2017
570,2018
570,2019
570,2020
570,2021
570,2022
570,2023
570,2024
571,1966
571,1967
571,1968
571,1969
571,1970
571,1971
571,1972
571,1973
571,1974
571,1975
571,1976
571,1977
571,1978
571,1979
571,1980
571,1981
571,1982
571,1983
571,1984
571,1985
571,1986
571,1987
571,1988
571,1989
571,1990
571,1991
571,1992
571,1993
571,1994
571,1995
571,1996
571,1997
571,1998
571,1999
571,2000
571,2001
571,2002
571,2003
571,2004
571,2005
571,2006
571,2007
571,2008
571,2009
571,2010
571,2011
571,2012
571,2013
571,2014
571,2015
571,2016
571,2017
571,2018
571,2019
571,2020
571,2021
571,2022
571,2023
571,2024
572,1968
572,1969
572,1970
572,1971
572,1972
572,1973
572,1974
572,1975
572,1976
572,1977
572,1978
572,1979
572,1980
572,1981
572,1982
572,1983
572,1984
572,1985
572,1986
572,1987
572,1988
572,1989
572,1990
572,1991
572,1992
572,1993
572,1994
572,1995
572,1996
572,1997
572,1998
572,1999
572,2000
572,2001
572,2002
572,2003
572,2004
572,2005
572,2006
572,2007
572,2008
572,2009
572,2010
572,2011
572,2012
572,2013
572,2014
572,2015
572,2016
572,2017
572,2018
572,2019
572,2020
572,2021
572,2022
572,2023
572,2024
580,1960
580,1961
580,1962
580,1963
580,1964
580,1965
580,1966
580,1967
580,1968
580,1969
580,1970
580,1971
580,1972
580,1973
580,1974
580,1975
580,1976
580,1977
580,1978
580,1979
580,1980
580,1981
580,1982
580,1983
580,1984
580,1985
580,1986
580,1987
580,1988
580,1989
580,1990
580,1991
580,1992
580,1993
580,1994
580,1995
580,1996
580,1997
580,1998
580,1999
580,2000
580,2001
580,2002
580,2003
580,2004
580,2005
580,2006
580,2007
580,2008
580,2009
580,2010
580,2011
580,2012
580,2013
580,2014
580,2015
580,2016
580,2017
580,2018
580,2019
580,2020
580,2021
580,2022
580,2023
580,2024
581,1975
581,1976
581,1977
581,1978
581,1979
581,1980
581,1981
581,1982
581,1983
581,1984
581,1985
581,1986
581,1987
581,1988
581,1989
581,1990
581,1991
581,1992
581,1993
581,1994
581,1995
581,1996
581,1997
581,1998
581,1999
581,2000
581,2001
581,2002
581,2003
581,2004
581,2005
581,2006
581,2007
581,2008
581,2009
581,2010
581,2011
581,2012
581,2013
581,2014
581,2015
581,2016
581,2017
581,2018
581,2019
581,2020
581,2021
581,2022
581,2023
581,2024
590,1968
590,1969
590,1970
590,1971
590,1972
590,1973
590,1974
590,1975
590,1976
590,1977
590,1978
590,1979
590,1980
590,1981
590,1982
590,1983
590,1984
590,1985
590,1986
590,1987
590,1988
590,1989
590,1990
590,1991
590,1992
590,1993
590,1994
590,1995
590,1996
590,1997
590,1998
590,1999
590,2000
590,2001
590,2002
590,2003
590,2004
590,2005
590,2006
590,2007
590,2008
590,2009
590,2010
590,2011
590,2012
590,2013
590,2014
590,2015
590,2016
590,2017
590,2018
590,2019
590,2020
590,2021
590,2022
590,2023
590,2024
591,1976
591,1977
591,1978
591,1979
591,1980
591,1981
591,1982
591,1983
591,1984
591,1985
591,1986
591,1987
591,1988
591,1989
591,1990
591,1991
591,1992
591,1993
591,1994
591,1995
591,1996
591,1997
591,1998
591,1999
591,2000
591,2001
591,2002
591,2003
591,2004
591,2005
591,2006
591,2007
591,2008
591,2009
591,2010
591,2011
591,2012
591,2013
591,2014
591,2015
591,2016
591,2017
591,2018
591,2019
591,2020
591,2021
591,2022
591,2023
591,2024
600,1847
600,1848
600,1849
600,1850
600,1851
600,1852
600,1853
600,1854
600,1855
600,1856
600,1857
600,1858
600,1859
600,1860
600,1861
600,1862
600,1863
600,1864
600,1865
600,1866
600,1867
600,1868
600,1869
600,1870
600,1871
600,1872
600,1873
600,1874
600,1875
600,1876
600,1877
600,1878
600,1879
600,1880
600,1881
600,1882
600,1883
600,1884
600,1885
600,1886
600,1887
600,1888
600,1889
600,1890
600,1891
600,1892
600,1893
600,1894
600,1895
600,1896
600,1897
600,1898
600,1899
600,1900
600,1901
600,1902
600,1903
600,1904
600,1905
600,1906
600,1907
600,1908
600,1909
600,1910
600,1911
600,1912
600,1956
600,1957
600,1958
600,1959
600,1960
600,1961
600,1962
600,1963
600,1964
600,1965
600,1966
600,1967
600,1968
600,1969
600,1970
600,1971
600,1972
600,1973
600,1974
600,1975
600,1976
600,1977
600,1978
600,1979
600,1980
600,1981
600,1982
600,1983
600,1984
600,1985
600,1986
600,1987
600,1988
600,1989
600,1990
600,1991
600,1992
600,1993
600,1994
600,1995
600,1996
600,1997
600,1998
600,1999
600,2000
600,2001
600,2002
600,2003
600,2004
600,2005
600,2006
600,2007
600,2008
600,2009
600,2010
600,2011
600,2012
600,2013
600,2014
600,2015
600,2016
600,2017
600,2018
600,2019
600,2020
600,2021
600,2022
600,2023
600,2024
615,1962
615,1963
615,1964
615,1965
615,1966
615,1967
615,1968
615,1969
615,1970
615,1971
615,1972
615,1973
615,1974
615,1975
615,1976
615,1977
615,1978
615,1979
615,1980
615,1981
615,1982
615,1983
615,1984
615,1985
615,1986
615,1987
615,1988
615,1989
615,1990
615,1991
615,1992
615,1993
615,1994
615,1995
615,1996
615,1997
615,1998
615,1999
615,2000
615,2001
615,2002
615,2003
615,2004
615,2005
615,2006
615,2007
615,2008
615,2009
615,2010
615,2011
615,2012
615,2013
615,2014
615,2015
615,2016
615,2017
615,2018
615,2019
615,2020
615,2021
615,2022
615,2023
615,2024
616,1825
616,1826
616,1827
616,1828
616,1829
616,1830
616,1831
616,1832
616,1833
616,1834
616,1835
616,1836
616,1837
616,1838
616,1839
616,1840
616,1841
616,1842
616,1843
616,1844
616,1845
616,1846
616,1847
616,1848
616,1849
616,1850
616,1851
616,1852
616,1853
616,1854
616,1855
616,1856
616,1857
616,1858
616,1859
616,1860
616,1861
616,1862
616,1863
616,1864
616,1865
616,1866
616,1867
616,1868
616,1869
616,1870
616,1871
616,1872
616,1873
616,1874
616,1875
616,1876
616,1877
616,1878
616,1879
616,1880
616,1881
616,1956
616,1957
616,1958
616,1959
616,1960
616,1961
616,1962
616,1963
616,1964
616,1965
616,1966
616,1967
616,1968
616,1969
616,1970
616,1971
616,1972
616,1973
616,1974
616,1975
616,1976
616,1977
616,1978
616,1979
616,1980
616,1981
616,1982
616,1983
616,1984
616,1985
616,1986
616,1987
616,1988
616,1989
616,1990
616,1991
616,1992
616,1993
616,1994
616,1995
616,1996
616,1997
616,1998
616,1999
616,2000
616,2001
616,2002
616,2003
616,2004
616,2005
616,2006
616,2007
616,2008
616,2009
616,2010
616,2011
616,2012
616,2013
616,2014
616,2015
616,2016
616,2017
616,2018
616,2019
616,2020
616,2021
616,2022
616,2023
616,2024
620,1951
620,1952
620,1953
620,1954
620,1955
620,1956
620,1957
620,1958
620,1959
620,1960
620,1961
620,1962
620,1963
620,1964
620,1965
620,1966
620,1967
620,1968
620,1969
620,1970
620,1971
620,1972
620,1973
620,1974
620,1975
620,1976
620,1977
620,1978
620,1979
620,1980
620,1981
620,1982
620,1983
620,1984
620,1985
620,1986
620,1987
620,1988
620,1989
620,1990
620,1991
620,1992
620,1993
620,1994
620,1995
620,1996
620,1997
620,1998
620,1999
620,2000
620,2001
620,2002
620,2003
620,2004
620,2005
620,2006
620,2007
620,2008
620,2009
620,2010
620,2011
620,2012
620,2013
620,2014
620,2015
620,2016
620,2017
620,2018
620,2019
620,2020
620,2021
620,2022
620,2023
620,2024
625,1956
625,1957
625,1958
625,1959
625,1960
625,1961
625,1962
625,1963
625,1964
625,1965
625,1966
625,1967
625,1968
625,1969
625,1970
625,1971
625,1972
625,1973
625,1974
625,1975
625,1976
625,1977
625,1978
625,1979
625,1980
625,1981
625,1982
625,1983
625,1984
625,1985
625,1986
625,1987
625,1988
625,1989
625,1990
625,1991
625,1992
625,1993
625,1994
625,1995
625,1996
625,1997
625,1998
625,1999
625,2000
625,2001
625,2002
625,2003
625,2004
625,2005
625,2006
625,2007
625,2008
625,2009
625,2010
625,2011
625,2012
625,2013
625,2014
625,2015
625,2016
625,2017
625,2018
625,2019
625,2020
625,2021
625,2022
625,2023
625,2024
626,2011
626,2012
626,2013
626,2014
626,2015
626,2016
626,2017
626,2018
626,2019
626,2020
626,2021
626,2022
626,2023
626,2024
630,1855
630,1856
630,1857
630,1858
630,1859
630,1860
630,1861
630,1862
630,1863
630,1864
630,1865
630,1866
630,1867
630,1868
630,1869
630,1870
630,1871
630,1872
630,1873
630,1874
630,1875
630,1876
630,1877
630,1878
630,1879
630,1880
630,1881
630,1882
630,1883
630,1884
630,1885
630,1886
630,1887
630,1888
630,1889
630,1890
630,1891
630,1892
630,1893
630,1894
630,1895
630,1896
630,1897
630,1898
630,1899
630,1900
630,1901
630,1902
630,1903
630,1904
630,1905
630,1906
630,1907
630,1908
630,1909
630,1910
630,1911
630,1912
630,1913
630,1914
630,1915
630,1916
630,1917
630,1918
630,1919
630,1920
630,1921
630,1922
630,1923
630,1924
630,1925
630,1926
630,1927
630,1928
630,1929
630,1930
630,1931
630,1932
630,1933
630,1934
630,1935
630,1936
630,1937
630,1938
630,1939
630,1940
630,1941
630,1942
630,1943
630,1944
630,1945
630,1946
630,1947
630,1948
630,1949
630,1950
630,1951
630,1952
630,1953
630,1954
630,1955
630,1956
630,1957
630,1958
630,1959
630,1960
630,1961
630,1962
630,1963
630,1964
630,1965
630,1966
630,1967
630,1968
630,1969
630,1970
630,1971
630,1972
630,1973
630,1974
630,1975
630,1976
630,1977
630,1978
630,1979
630,1980
630,1981
630,1982
630,1983
630,1984
630,1985
630,1986
630,1987
630,1988
630,1989
630,1990
630,1991
630,1992
630,1993
630,1994
630,1995
630,1996
630,1997
630,1998
630,1999
630,2000
630,2001
630,2002
630,2003
630,2004
630,2005
630,2006
630,2007
630,2008
630,2009
630,2010
630,2011
630,2012
630,2013
630,2014
630,2015
630,2016
630,2017
630,2018
630,2019
630,2020
630,2021
630,2022
630,2023
630,2024
640,1816
640,1817
640,1818
640,1819
640,1820
640,1821
640,1822
640,1823
640,1824
640,1825
640,1826
640,1827
640,1828
640,1829
640,1830
640,1831
640,1832
640,1833
640,1834
640,1835
640,1836
640,1837
640,1838
640,1839
640,1840
640,1841
640,1842
640,1843
640,1844
640,1845
640,1846
640,1847
640,1848
640,1849
640,1850
640,1851
640,1852
640,1853
640,1854
640,1855
640,1856
640,1857
640,1858
640,1859
640,1860
640,1861
640,1862
640,1863
640,1864
640,1865
640,1866
640,1867
640,1868
640,1869
640,1870
640,1871
640,1872
640,1873
640,1874
640,1875
640,1876
640,1877
640,1878
640,1879
640,1880
640,1881
640,1882
640,1883
640,1884
640,1885
640,1886
640,1887
640,1888
640,1889
640,1890
640,1891
640,1892
640,1893
640,1894
640,1895
640,1896
640,1897
640,1898
640,1899
640,1900
640,1901
640,1902
640,1903
640,1904
640,1905
640,1906
640,1907
640,1908
640,1909
640,1910
640,1911
640,1912
640,1913
640,1914
640,1915
640,1916
640,1917
640,1918
640,1919
640,1920
640,1921
640,1922
640,1923
640,1924
640,1925
640,1926
640,1927
640,1928
640,1929
640,1930
640,1931
640,1932
640,1933
640,1934
640,1935
640,1936
640,1937
640,1938
640,1939
640,1940
640,1941
640,1942
640,1943
640,1944
640,1945
640,1946
640,1947
640,1948
640,1949
640,1950
640,1951
640,1952
640,1953
640,1954
640,1955
640,1956
640,1957
640,1958
640,1959
640,1960
640,1961
640,1962
640,1963
640,1964
640,1965
640,1966
640,1967
640,1968
640,1969
640,1970
640,1971
640,1972
640,1973
640,1974
640,1975
640,1976
640,1977
640,1978
640,1979
640,1980
640,1981
640,1982
640,1983
640,1984
640,1985
640,1986
640,1987
640,1988
640,1989
640,1990
640,1991
640,1992
640,1993
640,1994
640,1995
640,1996
640,1997
640,1998
640,1999
640,2000
640,2001
640,2002
640,2003
640,2004
640,2005
640,2006
640,2007
640,2008
640,2009
640,2010
640,2011
640,2012
640,2013
640,2014
640,2015
640,2016
640,2017
640,2018
640,2019
640,2020
640,2021
640,2022
640,2023
640,2024
645,1932
645,1933
645,1934
645,1935
645,1936
645,1937
645,1938
645,1939
645,1940
645,1941
645,1942
645,1943
645,1944
645,1945
645,1946
645,1947
645,1948
645,1949
645,1950
645,1951
645,1952
645,1953
645,1954
645,1955
645,1956
645,1957
645,1958
645,1959
645,1960
645,1961
645,1962
645,1963
645,1964
645,1965
645,1966
645,1967
645,1968
645,1969
645,1970
645,1971
645,1972
645,1973
645,1974
645,1975
645,1976
645,1977
645,1978
645,1979
645,1980
645,1981
645,1982
645,1983
645,1984
645,1985
645,1986
645,1987
645,1988
645,1989
645,1990
645,1991
645,1992
645,1993
645,1994
645,1995
645,1996
645,1997
645,1998
645,1999
645,2000
645,2001
645,2002
645,2003
645,2004
645,2005
645,2006
645,2007
645,2008
645,2009
645,2010
645,2011
645,2012
645,2013
645,2014
645,2015
645,2016
645,2017
645,2018
645,2019
645,2020
645,2021
645,2022
645,2023
645,2024
651,1855
651,1856
651,1857
651,1858
651,1859
651,1860
651,1861
651,1862
651,1863
651,1864
651,1865
651,1866
651,1867
651,1868
651,1869
651,1870
651,1871
651,1872
651,1873
651,1874
651,1875
651,1876
651,1877
651,1878
651,1879
651,1880
651,1881
651,1882
651,1937
651,1938
651,1939
651,1940
651,1941
651,1942
651,1943
651,1944
651,1945
651,1946
651,1947
651,1948
651,1949
651,1950
651,1951
651,1952
651,1953
651,1954
651,1955
651,1956
651,1957
651,1958
651,1959
651,1960
651,1961
651,1962
651,1963
651,1964
651,1965
651,1966
651,1967
651,1968
651,1969
651,1970
651,1971
651,1972
651,1973
651,1974
651,1975
651,1976
651,1977
651,1978
651,1979
651,1980
651,1981
651,1982
651,1983
651,1984
651,1985
651,1986
651,1987
651,1988
651,1989
651,1990
651,1991
651,1992
651,1993
651,1994
651,1995
651,1996
651,1997
651,1998
651,1999
651,2000
651,2001
651,2002
651,2003
651,2004
651,2005
651,2006
651,2007
651,2008
651,2009
651,2010
651,2011
651,2012
651,2013
651,2014
651,2015
651,2016
651,2017
651,2018
651,2019
651,2020
651,2021
651,2022
651,2023
651,2024
652,1946
652,1947
652,1948
652,1949
652,1950
652,1951
652,1952
652,1953
652,1954
652,1955
652,1956
652,1957
652,1958
652,1961
652,1962
652,1963
652,1964
652,1965
652,1966
652,1967
652,1968
652,1969
652,1970
652,1971
652,1972
652,1973
652,1974
652,1975
652,1976
652,1977
652,1978
652,1979
652,1980
652,1981
652,1982
652,1983
652,1984
652,1985
652,1986
652,1987
652,1988
652,1989
652,1990
652,1991
652,1992
652,1993
652,1994
652,1995
652,1996
652,1997
652,1998
652,1999
652,2000
652,2001
652,2002
652,2003
652,2004
652,2005
652,2006
652,2007
652,2008
652,2009
652,2010
652,2011
652,2012
652,2013
652,2014
652,2015
652,2016
652,2017
652,2018
652,2019
652,2020
652,2021
652,2022
652,2023
652,2024
660,1946
660,1947
660,1948
660,1949
660,1950
660,1951
660,1952
660,1953
660,1954
660,1955
660,1956
660,1957
660,1958
660,1959
660,1960
660,1961
660,1962
660,1963
660,1964
660,1965
660,1966
660,1967
660,1968
660,1969
660,1970
660,1971
660,1972
660,1973
660,1974
660,1975
660,1976
660,1977
660,1978
660,1979
660,1980
660,1981
660,1982
660,1983
660,1984
660,1985
660,1986
660,1987
660,1988
660,1989
660,1990
660,1991
660,1992
660,1993
660,1994
660,1995
660,1996
660,1997
660,1998
660,1999
660,2000
660,2001
660,2002
660,2003
660,2004
660,2005
660,2006
660,2007
660,2008
660,2009
660,2010
660,2011
660,2012
660,2013
660,2014
660,2015
660,2016
660,2017
660,2018
660,2019
660,2020
660,2021
660,2022
660,2023
660,2024
663,1946
663,1947
663,1948
663,1949
663,1950
663,1951
663,1952
663,1953
663,1954
663,1955
663,1956
663,1957
663,1958
663,1959
663,1960
663,1961
663,1962
663,1963
663,1964
663,1965
663,1966
663,1967
663,1968
663,1969
663,1970
663,1971
663,1972
663,1973
663,1974
663,1975
663,1976
663,1977
663,1978
663,1979
663,1980
663,1981
663,1982
663,1983
663,1984
663,1985
663,1986
663,1987
663,1988
663,1989
663,1990
663,1991
663,1992
663,1993
663,1994
663,1995
663,1996
663,1997
663,1998
663,1999
663,2000
663,2001
663,2002
663,2003
663,2004
663,2005
663,2006
663,2007
663,2008
663,2009
663,2010
663,2011
663,2012
663,2013
663,2014
663,2015
663,2016
663,2017
663,2018
663,2019
663,2020
663,2021
663,2022
663,2023
663,2024
666,1948
666,1949
666,1950
666,1951
666,1952
666,1953
666,1954
666,1955
666,1956
666,1957
666,1958
666,1959
666,1960
666,1961
666,1962
666,1963
666,1964
666,1965
666,1966
666,1967
666,1968
666,1969
666,1970
666,1971
666,1972
666,1973
666,1974
666,1975
666,1976
666,1977
666,1978
666,1979
666,1980
666,1981
666,1982
666,1983
666,1984
666,1985
666,1986
666,1987
666,1988
666,1989
666,1990
666,1991
666,1992
666,1993
666,1994
666,1995
666,1996
666,1997
666,1998
666,1999
666,2000
666,2001
666,2002
666,2003
666,2004
666,2005
666,2006
666,2007
666,2008
666,2009
666,2010
666,2011
666,2012
666,2013
666,2014
666,2015
666,2016
666,2017
666,2018
666,2019
666,2020
666,2021
666,2022
666,2023
666,2024
670,1927
670,1928
670,1929
670,1930
670,1931
670,1932
670,1933
670,1934
670,1935
670,1936
670,1937
670,1938
670,1939
670,1940
670,1941
670,1942
670,1943
670,1944
670,1945
670,1946
670,1947
670,1948
670,1949
670,1950
670,1951
670,1952
670,1953
670,1954
670,1955
670,1956
670,1957
670,1958
670,1959
670,1960
670,1961
670,1962
670,1963
670,1964
670,1965
670,1966
670,1967
670,1968
670,1969
670,1970
670,1971
670,1972
670,1973
670,1974
670,1975
670,1976
670,1977
670,1978
670,1979
670,1980
670,1981
670,1982
670,1983
670,1984
670,1985
670,1986
670,1987
670,1988
670,1989
670,1990
670,1991
670,1992
670,1993
670,1994
670,1995
670,1996
670,1997
670,1998
670,1999
670,2000
670,2001
670,2002
670,2003
670,2004
670,2005
670,2006
670,2007
670,2008
670,2009
670,2010
670,2011
670,2012
670,2013
670,2014
670,2015
670,2016
670,2017
670,2018
670,2019
670,2020
670,2021
670,2022
670,2023
670,2024
678,1926
678,1927
678,1928
678,1929
678,1930
678,1931
678,1932
678,1933
678,1934
678,1935
678,1936
678,1937
678,1938
678,1939
678,1940
678,1941
678,1942
678,1943
678,1944
678,1945
678,1946
678,1947
678,1948
678,1949
678,1950
678,1951
678,1952
678,1953
678,1954
678,1955
678,1956
678,1957
678,1958
678,1959
678,1960
678,1961
678,1962
678,1963
678,1964
678,1965
678,1966
678,1967
678,1968
678,1969
678,1970
678,1971
678,1972
678,1973
678,1974
678,1975
678,1976
678,1977
678,1978
678,1979
678,1980
678,1981
678,1982
678,1983
678,1984
678,1985
678,1986
678,1987
678,1988
678,1989
678,1990
679,1990
679,1991
679,1992
679,1993
679,1994
679,1995
679,1996
679,1997
679,1998
679,1999
679,2000
679,2001
679,2002
679,2003
679,2004
679,2005
679,2006
679,2007
679,2008
679,2009
679,2010
679,2011
679,2012
679,2013
679,2014
679,2015
679,2016
679,2017
679,2018
679,2019
679,2020
679,2021
679,2022
679,2023
679,2024
680,1967
680,1968
680,1969
680,1970
680,1971
680,1972
680,1973
680,1974
680,1975
680,1976
680,1977
680,1978
680,1979
680,1980
680,1981
680,1982
680,1983
680,1984
680,1985
680,1986
680,1987
680,1988
680,1989
680,1990
690,1961
690,1962
690,1963
690,1964
690,1965
690,1966
690,1967
690,1968
690,1969
690,1970
690,1971
690,1972
690,1973
690,1974
690,1975
690,1976
690,1977
690,1978
690,1979
690,1980
690,1981
690,1982
690,1983
690,1984
690,1985
690,1986
690,1987
690,1988
690,1989
690,1990
690,1991
690,1992
690,1993
690,1994
690,1995
690,1996
690,1997
690,1998
690,1999
690,2000
690,2001
690,2002
690,2003
690,2004
690,2005
690,2006
690,2007
690,2008
690,2009
690,2010
690,2011
690,2012
690,2013
690,2014
690,2015
690,2016
690,2017
690,2018
690,2019
690,2020
690,2021
690,2022
690,2023
690,2024
692,1971
692,1972
692,1973
692,1974
692,1975
692,1976
692,1977
692,1978
692,1979
692,1980
692,1981
692,1982
692,1983
692,1984
692,1985
692,1986
692,1987
692,1988
692,1989
692,1990
692,1991
692,1992
692,1993
692,1994
692,1995
692,1996
692,1997
692,1998
692,1999
692,2000
692,2001
692,2002
692,2003
692,2004
692,2005
692,2006
692,2007
692,2008
692,2009
692,2010
692,2011
692,2012
692,2013
692,2014
692,2015
692,2016
692,2017
692,2018
692,2019
692,2020
692,2021
692,2022
692,2023
692,2024
694,1971
694,1972
694,1973
694,1974
694,1975
694,1976
694,1977
694,1978
694,1979
694,1980
694,1981
694,1982
694,1983
694,1984
694,1985
694,1986
694,1987
694,1988
694,1989
694,1990
694,1991
694,1992
694,1993
694,1994
694,1995
694,1996
694,1997
694,1998
694,1999
694,2000
694,2001
694,2002
694,2003
694,2004
694,2005
694,2006
694,2007
694,2008
694,2009
694,2010
694,2011
694,2012
694,2013
694,2014
694,2015
694,2016
694,2017
694,2018
694,2019
694,2020
694,2021
694,2022
694,2023
694,2024
696,1971
696,1972
696,1973
696,1974
696,1975
696,1976
696,1977
696,1978
696,1979
696,1980
696,1981
696,1982
696,1983
696,1984
696,1985
696,1986
696,1987
696,1988
696,1989
696,1990
696,1991
696,1992
696,1993
696,1994
696,1995
696,1996
696,1997
696,1998
696,1999
696,2000
696,2001
696,2002
696,2003
696,2004
696,2005
696,2006
696,2007
696,2008
696,2009
696,2010
696,2011
696,2012
696,2013
696,2014
696,2015
696,2016
696,2017
696,2018
696,2019
696,2020
696,2021
696,2022
696,2023
696,2024
698,1971
698,1972
698,1973
698,1974
698,1975
698,1976
698,1977
698,1978
698,1979
698,1980
698,1981
698,1982
698,1983
698,1984
698,1985
698,1986
698,1987
698,1988
698,1989
698,1990
698,1991
698,1992
698,1993
698,1994
698,1995
698,1996
698,1997
698,1998
698,1999
698,2000
698,2001
698,2002
698,2003
698,2004
698,2005
698,2006
698,2007
698,2008
698,2009
698,2010
698,2011
698,2012
698,2013
698,2014
698,2015
698,2016
698,2017
698,2018
698,2019
698,2020
698,2021
698,2022
698,2023
698,2024
700,1919
700,1920
700,1921
700,1922
700,1923
700,1924
700,1925
700,1926
700,1927
700,1928
700,1929
700,1930
700,1931
700,1932
700,1933
700,1934
700,1935
700,1936
700,1937
700,1938
700,1939
700,1940
700,1941
700,1942
700,1943
700,1944
700,1945
700,1946
700,1947
700,1948
700,1949
700,1950
700,1951
700,1952
700,1953
700,1954
700,1955
700,1956
700,1957
700,1958
700,1959
700,1960
700,1961
700,1962
700,1963
700,1964
700,1965
700,1966
700,1967
700,1968
700,1969
700,1970
700,1971
700,1972
700,1973
700,1974
700,1975
700,1976
700,1977
700,1978
700,1979
700,1980
700,1981
700,1982
700,1983
700,1984
700,1985
700,1986
700,1987
700,1988
700,1989
700,1990
700,1991
700,1992
700,1993
700,1994
700,1995
700,1996
700,1997
700,1998
700,1999
700,2000
700,2001
700,2002
700,2003
700,2004
700,2005
700,2006
700,2007
700,2008
700,2009
700,2010
700,2011
700,2012
700,2013
700,2014
700,2015
700,2016
700,2017
700,2018
700,2019
700,2020
700,2021
700,2022
700,2023
700,2024
701,1991
701,1992
701,1993
701,1994
701,1995
701,1996
701,1997
701,1998
701,1999
701,2000
701,2001
701,2002
701,2003
701,2004
701,2005
701,2006
701,2007
701,2008
701,2009
701,2010
701,2011
701,2012
701,2013
701,2014
701,2015
701,2016
701,2017
701,2018
701,2019
701,2020
701,2021
701,2022
701,2023
701,2024
702,1991
702,1992
702,1993
702,1994
702,1995
702,1996
702,1997
702,1998
702,1999
702,2000
702,2001
702,2002
702,2003
702,2004
702,2005
702,2006
702,2007
702,2008
702,2009
702,2010
702,2011
702,2012
702,2013
702,2014
702,2015
702,2016
702,2017
702,2018
702,2019
702,2020
702,2021
702,2022
702,2023
702,2024
703,1991
703,1992
703,1993
703,1994
703,1995
703,1996
703,1997
703,1998
703,1999
703,2000
703,2001
703,2002
703,2003
703,2004
703,2005
703,2006
703,2007
703,2008
703,2009
703,2010
703,2011
703,2012
703,2013
703,2014
703,2015
703,2016
703,2017
703,2018
703,2019
703,2020
703,2021
703,2022
703,2023
703,2024
704,1991
704,1992
704,1993
704,1994
704,1995
704,1996
704,1997
704,1998
704,1999
704,2000
704,2001
704,2002
704,2003
704,2004
704,2005
704,2006
704,2007
704,2008
704,2009
704,2010
704,2011
704,2012
704,2013
704,2014
704,2015
704,2016
704,2017
704,2018
704,2019
704,2020
704,2021
704,2022
704,2023
704,2024
705,1991
705,1992
705,1993
705,1994
705,1995
705,1996
705,1997
705,1998
705,1999
705,2000
705,2001
705,2002
705,2003
705,2004
705,2005
705,2006
705,2007
705,2008
705,2009
705,2010
705,2011
705,2012
705,2013
705,2014
705,2015
705,2016
705,2017
705,2018
705,2019
705,2020
705,2021
705,2022
705,2023
705,2024
710,1860
710,1861
710,1862
710,1863
710,1864
710,1865
710,1866
710,1867
710,1868
710,1869
710,1870
710,1871
710,1872
710,1873
710,1874
710,1875
710,1876
710,1877
710,1878
710,1879
710,1880
710,1881
710,1882
710,1883
710,1884
710,1885
710,1886
710,1887
710,1888
710,1889
710,1890
710,1891
710,1892
710,1893
710,1894
710,1895
710,1896
710,1897
710,1898
710,1899
710,1900
710,1901
710,1902
710,1903
710,1904
710,1905
710,1906
710,1907
710,1908
710,1909
710,1910
710,1911
710,1912
710,1913
710,1914
710,1915
710,1916
710,1917
710,1918
710,1919
710,1920
710,1921
710,1922
710,1923
710,1924
710,1925
710,1926
710,1927
710,1928
710,1929
710,1930
710,1931
710,1932
710,1933
710,1934
710,1935
710,1936
710,1937
710,1938
710,1939
710,1940
710,1941
710,1942
710,1943
710,1944
710,1945
710,1946
710,1947
710,1948
710,1949
710,1950
710,1951
710,1952
710,1953
710,1954
710,1955
710,1956
710,1957
710,1958
710,1959
710,1960
710,1961
710,1962
710,1963
710,1964
710,1965
710,1966
710,1967
710,1968
710,1969
710,1970
710,1971
710,1972
710,1973
710,1974
710,1975
710,1976
710,1977
710,1978
710,1979
710,1980
710,1981
710,1982
710,1983
710,1984
710,1985
710,1986
710,1987
710,1988
710,1989
710,1990
710,1991
710,1992
710,1993
710,1994
710,1995
710,1996
710,1997
710,1998
710,1999
710,2000
710,2001
710,2002
710,2003
710,2004
710,2005
710,2006
710,2007
710,2008
710,2009
710,2010
710,2011
710,2012
710,2013
710,2014
710,2015
710,2016
710,2017
710,2018
710,2019
710,2020
710,2021
710,2022
710,2023
710,2024
712,1921
712,1922
712,1923
712,1924
712,1925
712,1926
712,1927
712,1928
712,1929
712,1930
712,1931
712,1932
712,1933
712,1934
712,1935
712,1936
712,1937
712,1938
712,1939
712,1940
712,1941
712,1942
712,1943
712,1944
712,1945
712,1946
712,1947
712,1948
712,1949
712,1950
712,1951
712,1952
712,1953
712,1954
712,1955
712,1956
712,1957
712,1958
712,1959
712,1960
712,1961
712,1962
712,1963
712,1964
712,1965
712,1966
712,1967
712,1968
712,1969
712,1970
712,1971
712,1972
712,1973
712,1974
712,1975
712,1976
712,1977
712,1978
712,1979
712,1980
712,1981
712,1982
712,1983
712,1984
712,1985
712,1986
712,1987
712,1988
712,1989
712,1990
712,1991
712,1992
712,1993
712,1994
712,1995
712,1996
712,1997
712,1998
712,1999
712,2000
712,2001
712,2002
712,2003
712,2004
712,2005
712,2006
712,2007
712,2008
712,2009
712,2010
712,2011
712,2012
712,2013
712,2014
712,2015
712,2016
712,2017
712,2018
712,2019
712,2020
712,2021
712,2022
712,2023
712,2024
713,1949
713,1950
713,1951
713,1952
713,1953
713,1954
713,1955
713,1956
713,1957
713,1958
713,1959
713,1960
713,1961
713,1962
713,1963
713,1964
713,1965
713,1966
713,1967
713,1968
713,1969
713,1970
713,1971
713,1972
713,1973
713,1974
713,1975
713,1976
713,1977
713,1978
713,1979
713,1980
713,1981
713,1982
713,1983
713,1984
713,1985
713,1986
713,1987
713,1988
713,1989
713,1990
713,1991
713,1992
713,1993
713,1994
713,1995
713,1996
713,1997
713,1998
713,1999
713,2000
713,2001
713,2002
713,2003
713,2004
713,2005
713,2006
713,2007
713,2008
713,2009
713,2010
713,2011
713,2012
713,2013
713,2014
713,2015
713,2016
713,2017
713,2018
713,2019
713,2020
713,2021
713,2022
713,2023
713,2024
730,1887
730,1888
730,1889
730,1890
730,1891
730,1892
730,1893
730,1894
730,1895
730,1896
730,1897
730,1898
730,1899
730,1900
730,1901
730,1902
730,1903
730,1904
730,1905
731,1948
731,1949
731,1950
731,1951
731,1952
731,1953
731,1954
731,1955
731,1956
731,1957
731,1958
731,1959
731,1960
731,1961
731,1962
731,1963
731,1964
731,1965
731,1966
731,1967
731,1968
731,1969
731,1970
731,1971
731,1972
731,1973
731,1974
731,1975
731,1976
731,1977
731,1978
731,1979
731,1980
731,1981
731,1982
731,1983
731,1984
731,1985
731,1986
731,1987
731,1988
731,1989
731,1990
731,1991
731,1992
731,1993
731,1994
731,1995
731,1996
731,1997
731,1998
731,1999
731,2000
731,2001
731,2002
731,2003
731,2004
731,2005
731,2006
731,2007
731,2008
731,2009
731,2010
731,2011
731,2012
731,2013
731,2014
731,2015
731,2016
731,2017
731,2018
731,2019
731,2020
731,2021
731,2022
731,2023
731,2024
732,1949
732,1950
732,1951
732,1952
732,1953
732,1954
732,1955
732,1956
732,1957
732,1958
732,1959
732,1960
732,1961
732,1962
732,1963
732,1964
732,1965
732,1966
732,1967
732,1968
732,1969
732,1970
732,1971
732,1972
732,1973
732,1974
732,1975
732,1976
732,1977
732,1978
732,1979
732,1980
732,1981
732,1982
732,1983
732,1984
732,1985
732,1986
732,1987
732,1988
732,1989
732,1990
732,1991
732,1992
732,1993
732,1994
732,1995
732,1996
732,1997
732,1998
732,1999
732,2000
732,2001
732,2002
732,2003
732,2004
732,2005
732,2006
732,2007
732,2008
732,2009
732,2010
732,2011
732,2012
732,2013
732,2014
732,2015
732,2016
732,2017
732,2018
732,2019
732,2020
732,2021
732,2022
732,2023
732,2024
740,1860
740,1861
740,1862
740,1863
740,1864
740,1865
740,1866
740,1867
740,1868
740,1869
740,1870
740,1871
740,1872
740,1873
740,1874
740,1875
740,1876
740,1877
740,1878
740,1879
740,1880
740,1881
740,1882
740,1883
740,1884
740,1885
740,1886
740,1887
740,1888
740,1889
740,1890
740,1891
740,1892
740,1893
740,1894
740,1895
740,1896
740,1897
740,1898
740,1899
740,1900
740,1901
740,1902
740,1903
740,1904
740,1905
740,1906
740,1907
740,1908
740,1909
740,1910
740,1911
740,1912
740,1913
740,1914
740,1915
740,1916
740,1917
740,1918
740,1919
740,1920
740,1921
740,1922
740,1923
740,1924
740,1925
740,1926
740,1927
740,1928
740,1929
740,1930
740,1931
740,1932
740,1933
740,1934
740,1935
740,1936
740,1937
740,1938
740,1939
740,1940
740,1941
740,1942
740,1943
740,1944
740,1945
740,1952
740,1953
740,1954
740,1955
740,1956
740,1957
740,1958
740,1959
740,1960
740,1961
740,1962
740,1963
740,1964
740,1965
740,1966
740,1967
740,1968
740,1969
740,1970
740,1971
740,1972
740,1973
740,1974
740,1975
740,1976
740,1977
740,1978
740,1979
740,1980
740,1981
740,1982
740,1983
740,1984
740,1985
740,1986
740,1987
740,1988
740,1989
740,1990
740,1991
740,1992
740,1993
740,1994
740,1995
740,1996
740,1997
740,1998
740,1999
740,2000
740,2001
740,2002
740,2003
740,2004
740,2005
740,2006
740,2007
740,2008
740,2009
740,2010
740,2011
740,2012
740,2013
740,2014
740,2015
740,2016
740,2017
740,2018
740,2019
740,2020
740,2021
740,2022
740,2023
740,2024
750,1947
750,1948
750,1949
750,1950
750,1951
750,1952
750,1953
750,1954
750,1955
750,1956
750,1957
750,1958
750,1959
750,1960
750,1961
750,1962
750,1963
750,1964
750,1965
750,1966
750,1967
750,1968
750,1969
750,1970
750,1971
750,1972
750,1973
750,1974
750,1975
750,1976
750,1977
750,1978
750,1979
750,1980
750,1981
750,1982
750,1983
750,1984
750,1985
750,1986
750,1987
750,1988
750,1989
750,1990
750,1991
750,1992
750,1993
750,1994
750,1995
750,1996
750,1997
750,1998
750,1999
750,2000
750,2001
750,2002
750,2003
750,2004
750,2005
750,2006
750,2007
750,2008
750,2009
750,2010
750,2011
750,2012
750,2013
750,2014
750,2015
750,2016
750,2017
750,2018
750,2019
750,2020
750,2021
750,2022
750,2023
750,2024
760,1971
760,1972
760,1973
760,1974
760,1975
760,1976
760,1977
760,1978
760,1979
760,1980
760,1981
760,1982
760,1983
760,1984
760,1985
760,1986
760,1987
760,1988
760,1989
760,1990
760,1991
760,1992
760,1993
760,1994
760,1995
760,1996
760,1997
760,1998
760,1999
760,2000
760,2001
760,2002
760,2003
760,2004
760,2005
760,2006
760,2007
760,2008
760,2009
760,2010
760,2011
760,2012
760,2013
760,2014
760,2015
760,2016
760,2017
760,2018
760,2019
760,2020
760,2021
760,2022
760,2023
760,2024
770,1947
770,1948
770,1949
770,1950
770,1951
770,1952
770,1953
770,1954
770,1955
770,1956
770,1957
770,1958
770,1959
770,1960
770,1961
770,1962
770,1963
770,1964
770,1965
770,1966
770,1967
770,1968
770,1969
770,1970
770,1971
770,1972
770,1973
770,1974
770,1975
770,1976
770,1977
770,1978
770,1979
770,1980
770,1981
770,1982
770,1983
770,1984
770,1985
770,1986
770,1987
770,1988
770,1989
770,1990
770,1991
770,1992
770,1993
770,1994
770,1995
770,1996
770,1997
770,1998
770,1999
770,2000
770,2001
770,2002
770,2003
770,2004
770,2005
770,2006
770,2007
770,2008
770,2009
770,2010
770,2011
770,2012
770,2013
770,2014
770,2015
770,2016
770,2017
770,2018
770,2019
770,2020
770,2021
770,2022
770,2023
770,2024
771,1971
771,1972
771,1973
771,1974
771,1975
771,1976
771,1977
771,1978
771,1979
771,1980
771,1981
771,1982
771,1983
771,1984
771,1985
771,1986
771,1987
771,1988
771,1989
771,1990
771,1991
771,1992
771,1993
771,1994
771,1995
771,1996
771,1997
771,1998
771,1999
771,2000
771,2001
771,2002
771,2003
771,2004
771,2005
771,2006
771,2007
771,2008
771,2009
771,2010
771,2011
771,2012
771,2013
771,2014
771,2015
771,2016
771,2017
771,2018
771,2019
771,2020
771,2021
771,2022
771,2023
771,2024
775,1948
775,1949
775,1950
775,1951
775,1952
775,1953
775,1954
775,1955
775,1956
775,1957
775,1958
775,1959
775,1960
775,1961
775,1962
775,1963
775,1964
775,1965
775,1966
775,1967
775,1968
775,1969
775,1970
775,1971
775,1972
775,1973
775,1974
775,1975
775,1976
775,1977
775,1978
775,1979
775,1980
775,1981
775,1982
775,1983
775,1984
775,1985
775,1986
775,1987
775,1988
775,1989
775,1990
775,1991
775,1992
775,1993
775,1994
775,1995
775,1996
775,1997
775,1998
775,1999
775,2000
775,2001
775,2002
775,2003
775,2004
775,2005
775,2006
775,2007
775,2008
775,2009
775,2010
775,2011
775,2012
775,2013
775,2014
775,2015
775,2016
775,2017
775,2018
775,2019
775,2020
775,2021
775,2022
775,2023
775,2024
780,1948
780,1949
780,1950
780,1951
780,1952
780,1953
780,1954
780,1955
780,1956
780,1957
780,1958
780,1959
780,1960
780,1961
780,1962
780,1963
780,1964
780,1965
780,1966
780,1967
780,1968
780,1969
780,1970
780,1971
780,1972
780,1973
780,1974
780,1975
780,1976
780,1977
780,1978
780,1979
780,1980
780,1981
780,1982
780,1983
780,1984
780,1985
780,1986
780,1987
780,1988
780,1989
780,1990
780,1991
780,1992
780,1993
780,1994
780,1995
780,1996
780,1997
780,1998
780,1999
780,2000
780,2001
780,2002
780,2003
780,2004
780,2005
780,2006
780,2007
780,2008
780,2009
780,2010
780,2011
780,2012
780,2013
780,2014
780,2015
780,2016
780,2017
780,2018
780,2019
780,2020
780,2021
780,2022
780,2023
780,2024
781,1965
781,1966
781,1967
781,1968
781,1969
781,1970
781,1971
781,1972
781,1973
781,1974
781,1975
781,1976
781,1977
781,1978
781,1979
781,1980
781,1981
781,1982
781,1983
781,1984
781,1985
781,1986
781,1987
781,1988
781,1989
781,1990
781,1991
781,1992
781,1993
781,1994
781,1995
781,1996
781,1997
781,1998
781,1999
781,2000
781,2001
781,2002
781,2003
781,2004
781,2005
781,2006
781,2007
781,2008
781,2009
781,2010
781,2011
781,2012
781,2013
781,2014
781,2015
781,2016
781,2017
781,2018
781,2019
781,2020
781,2021
781,2022
781,2023
781,2024
790,1920
790,1921
790,1922
790,1923
790,1924
790,1925
790,1926
790,1927
790,1928
790,1929
790,1930
790,1931
790,1932
790,1933
790,1934
790,1935
790,1936
790,1937
790,1938
790,1939
790,1940
790,1941
790,1942
790,1943
790,1944
790,1945
790,1946
790,1947
790,1948
790,1949
790,1950
790,1951
790,1952
790,1953
790,1954
790,1955
790,1956
790,1957
790,1958
790,1959
790,1960
790,1961
790,1962
790,1963
790,1964
790,1965
790,1966
790,1967
790,1968
790,1969
790,1970
790,1971
790,1972
790,1973
790,1974
790,1975
790,1976
790,1977
790,1978
790,1979
790,1980
790,1981
790,1982
790,1983
790,1984
790,1985
790,1986
790,1987
790,1988
790,1989
790,1990
790,1991
790,1992
790,1993
790,1994
790,1995
790,1996
790,1997
790,1998
790,1999
790,2000
790,2001
790,2002
790,2003
790,2004
790,2005
790,2006
790,2007
790,2008
790,2009
790,2010
790,2011
790,2012
790,2013
790,2014
790,2015
790,2016
790,2017
790,2018
790,2019
790,2020
790,2021
790,2022
790,2023
790,2024
800,1887
800,1888
800,1889
800,1890
800,1891
800,1892
800,1893
800,1894
800,1895
800,1896
800,1897
800,1898
800,1899
800,1900
800,1901
800,1902
800,1903
800,1904
800,1905
800,1906
800,1907
800,1908
800,1909
800,1910
800,1911
800,1912
800,1913
800,1914
800,1915
800,1916
800,1917
800,1918
800,1919
800,1920
800,1921
800,1922
800,1923
800,1924
800,1925
800,1926
800,1927
800,1928
800,1929
800,1930
800,1931
800,1932
800,1933
800,1934
800,1935
800,1936
800,1937
800,1938
800,1939
800,1940
800,1941
800,1942
800,1943
800,1944
800,1945
800,1946
800,1947
800,1948
800,1949
800,1950
800,1951
800,1952
800,1953
800,1954
800,1955
800,1956
800,1957
800,1958
800,1959
800,1960
800,1961
800,1962
800,1963
800,1964
800,1965
800,1966
800,1967
800,1968
800,1969
800,1970
800,1971
800,1972
800,1973
800,1974
800,1975
800,1976
800,1977
800,1978
800,1979
800,1980
800,1981
800,1982
800,1983
800,1984
800,1985
800,1986
800,1987
800,1988
800,1989
800,1990
800,1991
800,1992
800,1993
800,1994
800,1995
800,1996
800,1997
800,1998
800,1999
800,2000
800,2001
800,2002
800,2003
800,2004
800,2005
800,2006
800,2007
800,2008
800,2009
800,2010
800,2011
800,2012
800,2013
800,2014
800,2015
800,2016
800,2017
800,2018
800,2019
800,2020
800,2021
800,2022
800,2023
800,2024
811,1953
811,1954
811,1955
811,1956
811,1957
811,1958
811,1959
811,1960
811,1961
811,1962
811,1963
811,1964
811,1965
811,1966
811,1967
811,1968
811,1969
811,1970
811,1971
811,1972
811,1973
811,1974
811,1975
811,1976
811,1977
811,1978
811,1979
811,1980
811,1981
811,1982
811,1983
811,1984
811,1985
811,1986
811,1987
811,1988
811,1989
811,1990
811,1991
811,1992
811,1993
811,1994
811,1995
811,1996
811,1997
811,1998
811,1999
811,2000
811,2001
811,2002
811,2003
811,2004
811,2005
811,2006
811,2007
811,2008
811,2009
811,2010
811,2011
811,2012
811,2013
811,2014
811,2015
811,2016
811,2017
811,2018
811,2019
811,2020
811,2021
811,2022
811,2023
811,2024
812,1953
812,1954
812,1955
812,1956
812,1957
812,1958
812,1959
812,1960
812,1961
812,1962
812,1963
812,1964
812,1965
812,1966
812,1967
812,1968
812,1969
812,1970
812,1971
812,1972
812,1973
812,1974
812,1975
812,1976
812,1977
812,1978
812,1979
812,1980
812,1981
812,1982
812,1983
812,1984
812,1985
812,1986
812,1987
812,1988
812,1989
812,1990
812,1991
812,1992
812,1993
812,1994
812,1995
812,1996
812,1997
812,1998
812,1999
812,2000
812,2001
812,2002
812,2003
812,2004
812,2005
812,2006
812,2007
812,2008
812,2009
812,2010
812,2011
812,2012
812,2013
812,2014
812,2015
812,2016
812,2017
812,2018
812,2019
812,2020
812,2021
812,2022
812,2023
812,2024
816,1954
816,1955
816,1956
816,1957
816,1958
816,1959
816,1960
816,1961
816,1962
816,1963
816,1964
816,1965
816,1966
816,1967
816,1968
816,1969
816,1970
816,1971
816,1972
816,1973
816,1974
816,1975
816,1976
816,1977
816,1978
816,1979
816,1980
816,1981
816,1982
816,1983
816,1984
816,1985
816,1986
816,1987
816,1988
816,1989
816,1990
816,1991
816,1992
816,1993
816,1994
816,1995
816,1996
816,1997
816,1998
816,1999
816,2000
816,2001
816,2002
816,2003
816,2004
816,2005
816,2006
816,2007
816,2008
816,2009
816,2010
816,2011
816,2012
816,2013
816,2014
816,2015
816,2016
816,2017
816,2018
816,2019
816,2020
816,2021
816,2022
816,2023
816,2024
817,1954
817,1955
817,1956
817,1957
817,1958
817,1959
817,1960
817,1961
817,1962
817,1963
817,1964
817,1965
817,1966
817,1967
817,1968
817,1969
817,1970
817,1971
817,1972
817,1973
817,1974
817,1975
820,1957
820,1958
820,1959
820,1960
820,1961
820,1962
820,1963
820,1964
820,1965
820,1966
820,1967
820,1968
820,1969
820,1970
820,1971
820,1972
820,1973
820,1974
820,1975
820,1976
820,1977
820,1978
820,1979
820,1980
820,1981
820,1982
820,1983
820,1984
820,1985
820,1986
820,1987
820,1988
820,1989
820,1990
820,1991
820,1992
820,1993
820,1994
820,1995
820,1996
820,1997
820,1998
820,1999
820,2000
820,2001
820,2002
820,2003
820,2004
820,2005
820,2006
820,2007
820,2008
820,2009
820,2010
820,2011
820,2012
820,2013
820,2014
820,2015
820,2016
820,2017
820,2018
820,2019
820,2020
820,2021
820,2022
820,2023
820,2024
830,1965
830,1966
830,1967
830,1968
830,1969
830,1970
830,1971
830,1972
830,1973
830,1974
830,1975
830,1976
830,1977
830,1978
830,1979
830,1980
830,1981
830,1982
830,1983
830,1984
830,1985
830,1986
830,1987
830,1988
830,1989
830,1990
830,1991
830,1992
830,1993
830,1994
830,1995
830,1996
830,1997
830,1998
830,1999
830,2000
830,2001
830,2002
830,2003
830,2004
830,2005
830,2006
830,2007
830,2008
830,2009
830,2010
830,2011
830,2012
830,2013
830,2014
830,2015
830,2016
830,2017
830,2018
830,2019
830,2020
830,2021
830,2022
830,2023
830,2024
835,1984
835,1985
835,1986
835,1987
835,1988
835,1989
835,1990
835,1991
835,1992
835,1993
835,1994
835,1995
835,1996
835,1997
835,1998
835,1999
835,2000
835,2001
835,2002
835,2003
835,2004
835,2005
835,2006
835,2007
835,2008
835,2009
835,2010
835,2011
835,2012
835,2013
835,2014
835,2015
835,2016
835,2017
835,2018
835,2019
835,2020
835,2021
835,2022
835,2023
835,2024
840,1946
840,1947
840,1948
840,1949
840,1950
840,1951
840,1952
840,1953
840,1954
840,1955
840,1956
840,1957
840,1958
840,1959
840,1960
840,1961
840,1962
840,1963
840,1964
840,1965
840,1966
840,1967
840,1968
840,1969
840,1970
840,1971
840,1972
840,1973
840,1974
840,1975
840,1976
840,1977
840,1978
840,1979
840,1980
840,1981
840,1982
840,1983
840,1984
840,1985
840,1986
840,1987
840,1988
840,1989
840,1990
840,1991
840,1992
840,1993
840,1994
840,1995
840,1996
840,1997
840,1998
840,1999
840,2000
840,2001
840,2002
840,2003
840,2004
840,2005
840,2006
840,2007
840,2008
840,2009
840,2010
840,2011
840,2012
840,2013
840,2014
840,2015
840,2016
840,2017
840,2018
840,2019
840,2020
840,2021
840,2022
840,2023
840,2024
850,1949
850,1950
850,1951
850,1952
850,1953
850,1954
850,1955
850,1956
850,1957
850,1958
850,1959
850,1960
850,1961
850,1962
850,1963
850,1964
850,1965
850,1966
850,1967
850,1968
850,1969
850,1970
850,1971
850,1972
850,1973
850,1974
850,1975
850,1976
850,1977
850,1978
850,1979
850,1980
850,1981
850,1982
850,1983
850,1984
850,1985
850,1986
850,1987
850,1988
850,1989
850,1990
850,1991
850,1992
850,1993
850,1994
850,1995
850,1996
850,1997
850,1998
850,1999
850,2000
850,2001
850,2002
850,2003
850,2004
850,2005
850,2006
850,2007
850,2008
850,2009
850,2010
850,2011
850,2012
850,2013
850,2014
850,2015
850,2016
850,2017
850,2018
850,2019
850,2020
850,2021
850,2022
850,2023
850,2024
860,2002
860,2003
860,2004
860,2005
860,2006
860,2007
860,2008
860,2009
860,2010
860,2011
860,2012
860,2013
860,2014
860,2015
860,2016
860,2017
860,2018
860,2019
860,2020
860,2021
860,2022
860,2023
860,2024
900,1920
900,1921
900,1922
900,1923
900,1924
900,1925
900,1926
900,1927
900,1928
900,1929
900,1930
900,1931
900,1932
900,1933
900,1934
900,1935
900,1936
900,1937
900,1938
900,1939
900,1940
900,1941
900,1942
900,1943
900,1944
900,1945
900,1946
900,1947
900,1948
900,1949
900,1950
900,1951
900,1952
900,1953
900,1954
900,1955
900,1956
900,1957
900,1958
900,1959
900,1960
900,1961
900,1962
900,1963
900,1964
900,1965
900,1966
900,1967
900,1968
900,1969
900,1970
900,1971
900,1972
900,1973
900,1974
900,1975
900,1976
900,1977
900,1978
900,1979
900,1980
900,1981
900,1982
900,1983
900,1984
900,1985
900,1986
900,1987
900,1988
900,1989
900,1990
900,1991
900,1992
900,1993
900,1994
900,1995
900,1996
900,1997
900,1998
900,1999
900,2000
900,2001
900,2002
900,2003
900,2004
900,2005
900,2006
900,2007
900,2008
900,2009
900,2010
900,2011
900,2012
900,2013
900,2014
900,2015
900,2016
900,2017
900,2018
900,2019
900,2020
900,2021
900,2022
900,2023
900,2024
910,1975
910,1976
910,1977
910,1978
910,1979
910,1980
910,1981
910,1982
910,1983
910,1984
910,1985
910,1986
910,1987
910,1988
910,1989
910,1990
910,1991
910,1992
910,1993
910,1994
910,1995
910,1996
910,1997
910,1998
910,1999
910,2000
910,2001
910,2002
910,2003
910,2004
910,2005
910,2006
910,2007
910,2008
910,2009
910,2010
910,2011
910,2012
910,2013
910,2014
910,2015
910,2016
910,2017
910,2018
910,2019
910,2020
910,2021
910,2022
910,2023
910,2024
920,1920
920,1921
920,1922
920,1923
920,1924
920,1925
920,1926
920,1927
920,1928
920,1929
920,1930
920,1931
920,1932
920,1933
920,1934
920,1935
920,1936
920,1937
920,1938
920,1939
920,1940
920,1941
920,1942
920,1943
920,1944
920,1945
920,1946
920,1947
920,1948
920,1949
920,1950
920,1951
920,1952
920,1953
920,1954
920,1955
920,1956
920,1957
920,1958
920,1959
920,1960
920,1961
920,1962
920,1963
920,1964
920,1965
920,1966
920,1967
920,1968
920,1969
920,1970
920,1971
920,1972
920,1973
920,1974
920,1975
920,1976
920,1977
920,1978
920,1979
920,1980
920,1981
920,1982
920,1983
920,1984
920,1985
920,1986
920,1987
920,1988
920,1989
920,1990
920,1991
920,1992
920,1993
920,1994
920,1995
920,1996
920,1997
920,1998
920,1999
920,2000
920,2001
920,2002
920,2003
920,2004
920,2005
920,2006
920,2007
920,2008
920,2009
920,2010
920,2011
920,2012
920,2013
920,2014
920,2015
920,2016
920,2017
920,2018
920,2019
920,2020
920,2021
920,2022
920,2023
920,2024
935,1981
935,1982
935,1983
935,1984
935,1985
935,1986
935,1987
935,1988
935,1989
935,1990
935,1991
935,1992
935,1993
935,1994
935,1995
935,1996
935,1997
935,1998
935,1999
935,2000
935,2001
935,2002
935,2003
935,2004
935,2005
935,2006
935,2007
935,2008
935,2009
935,2010
935,2011
935,2012
935,2013
935,2014
935,2015
935,2016
935,2017
935,2018
935,2019
935,2020
935,2021
935,2022
935,2023
935,2024
940,1978
940,1979
940,1980
940,1981
940,1982
940,1983
940,1984
940,1985
940,1986
940,1987
940,1988
940,1989
940,1990
940,1991
940,1992
940,1993
940,1994
940,1995
940,1996
940,1997
940,1998
940,1999
940,2000
940,2001
940,2002
940,2003
940,2004
940,2005
940,2006
940,2007
940,2008
940,2009
940,2010
940,2011
940,2012
940,2013
940,2014
940,2015
940,2016
940,2017
940,2018
940,2019
940,2020
940,2021
940,2022
940,2023
940,2024
946,1999
946,2000
946,2001
946,2002
946,2003
946,2004
946,2005
946,2006
946,2007
946,2008
946,2009
946,2010
946,2011
946,2012
946,2013
946,2014
946,2015
946,2016
946,2017
946,2018
946,2019
946,2020
946,2021
946,2022
946,2023
946,2024
947,2000
947,2001
947,2002
947,2003
947,2004
947,2005
947,2006
947,2007
947,2008
947,2009
947,2010
947,2011
947,2012
947,2013
947,2014
947,2015
947,2016
947,2017
947,2018
947,2019
947,2020
947,2021
947,2022
947,2023
947,2024
950,1970
950,1971
950,1972
950,1973
950,1974
950,1975
950,1976
950,1977
950,1978
950,1979
950,1980
950,1981
950,1982
950,1983
950,1984
950,1985
950,1986
950,1987
950,1988
950,1989
950,1990
950,1991
950,1992
950,1993
950,1994
950,1995
950,1996
950,1997
950,1998
950,1999
950,2000
950,2001
950,2002
950,2003
950,2004
950,2005
950,2006
950,2007
950,2008
950,2009
950,2010
950,2011
950,2012
950,2013
950,2014
950,2015
950,2016
950,2017
950,2018
950,2019
950,2020
950,2021
950,2022
950,2023
950,2024
955,1999
955,2000
955,2001
955,2002
955,2003
955,2004
955,2005
955,2006
955,2007
955,2008
955,2009
955,2010
955,2011
955,2012
955,2013
955,2014
955,2015
955,2016
955,2017
955,2018
955,2019
955,2020
955,2021
955,2022
955,2023
955,2024
970,1999
970,2000
970,2001
970,2002
970,2003
970,2004
970,2005
970,2006
970,2007
970,2008
970,2009
970,2010
970,2011
970,2012
970,2013
970,2014
970,2015
970,2016
970,2017
970,2018
970,2019
970,2020
970,2021
970,2022
970,2023
970,2024
983,1991
983,1992
983,1993
983,1994
983,1995
983,1996
983,1997
983,1998
983,1999
983,2000
983,2001
983,2002
983,2003
983,2004
983,2005
983,2006
983,2007
983,2008
983,2009
983,2010
983,2011
983,2012
983,2013
983,2014
983,2015
983,2016
983,2017
983,2018
983,2019
983,2020
983,2021
983,2022
983,2023
983,2024
986,1994
986,1995
986,1996
986,1997
986,1998
986,1999
986,2000
986,2001
986,2002
986,2003
986,2004
986,2005
986,2006
986,2007
986,2008
986,2009
986,2010
986,2011
986,2012
986,2013
986,2014
986,2015
986,2016
986,2017
986,2018
986,2019
986,2020
986,2021
986,2022
986,2023
986,2024
987,1991
987,1992
987,1993
987,1994
987,1995
987,1996
987,1997
987,1998
987,1999
987,2000
987,2001
987,2002
987,2003
987,2004
987,2005
987,2006
987,2007
987,2008
987,2009
987,2010
987,2011
987,2012
987,2013
987,2014
987,2015
987,2016
987,2017
987,2018
987,2019
987,2020
987,2021
987,2022
987,2023
987,2024
990,1976
990,1977
990,1978
990,1979
990,1980
990,1981
990,1982
990,1983
990,1984
990,1985
990,1986
990,1987
990,1988
990,1989
990,1990
990,1991
990,1992
990,1993
990,1994
990,1995
990,1996
990,1997
990,1998
990,1999
990,2000
990,2001
990,2002
990,2003
990,2004
990,2005
990,2006
990,2007
990,2008
990,2009
990,2010
990,2011
990,2012
990,2013
990,2014
990,2015
990,2016
990,2017
990,2018
990,2019
990,2020
990,2021
990,2022
990,2023
990,2024
